{
  "type": "FeatureCollection",
  "features": [
    {
      "type": "Feature",
      "properties": {
        "name": "آبش‌احمد",
        "province": "آذربایجان شرقی",
        "is_capital": false
      },
      "geometry": {
        "type": "Point",
        "coordinates": [
          47.3169755,
          39.0431974
        ]
      }
    },
    {
      "type": "Feature",
      "properties": {
        "name": "آذران",
        "province": "آذربایجان شرقی",
        "is_capital": false
      },
      "geometry": {
        "type": "Point",
        "coordinates": [
          47.050753,
          37.476617
        ]
      }
    },
    {
      "type": "Feature",
      "properties": {
        "name": "آذرشهر",
        "province": "آذربایجان شرقی",
        "is_capital": false
      },
      "geometry": {
        "type": "Point",
        "coordinates": [
          45.9784018,
          37.7577189
        ]
      }
    },
    {
      "type": "Feature",
      "properties": {
        "name": "آقکند",
        "province": "آذربایجان شرقی",
        "is_capital": false
      },
      "geometry": {
        "type": "Point",
        "coordinates": [
          48.064766,
          37.256908
        ]
      }
    },
    {
      "type": "Feature",
      "properties": {
        "name": "اسکو",
        "province": "آذربایجان شرقی",
        "is_capital": false
      },
      "geometry": {
        "type": "Point",
        "coordinates": [
          46.1243894,
          37.9163003
        ]
      }
    },
    {
      "type": "Feature",
      "properties": {
        "name": "اهر",
        "province": "آذربایجان شرقی",
        "is_capital": false
      },
      "geometry": {
        "type": "Point",
        "coordinates": [
          47.0662215,
          38.4774934
        ]
      }
    },
    {
      "type": "Feature",
      "properties": {
        "name": "ایلخچی",
        "province": "آذربایجان شرقی",
        "is_capital": false
      },
      "geometry": {
        "type": "Point",
        "coordinates": [
          45.9800159,
          37.9389278
        ]
      }
    },
    {
      "type": "Feature",
      "properties": {
        "name": "باروق",
        "province": "آذربایجان شرقی",
        "is_capital": false
      },
      "geometry": {
        "type": "Point",
        "coordinates": [
          47.0637922,
          38.1730922
        ]
      }
    },
    {
      "type": "Feature",
      "properties": {
        "name": "باسمنج",
        "province": "آذربایجان شرقی",
        "is_capital": false
      },
      "geometry": {
        "type": "Point",
        "coordinates": [
          46.4749113,
          37.9955619
        ]
      }
    },
    {
      "type": "Feature",
      "properties": {
        "name": "بخشایش",
        "province": "آذربایجان شرقی",
        "is_capital": false
      },
      "geometry": {
        "type": "Point",
        "coordinates": [
          46.9471214,
          38.131648
        ]
      }
    },
    {
      "type": "Feature",
      "properties": {
        "name": "بستان‌آباد",
        "province": "آذربایجان شرقی",
        "is_capital": false
      },
      "geometry": {
        "type": "Point",
        "coordinates": [
          46.8339774,
          37.8429496
        ]
      }
    },
    {
      "type": "Feature",
      "properties": {
        "name": "بناب",
        "province": "آذربایجان شرقی",
        "is_capital": false
      },
      "geometry": {
        "type": "Point",
        "coordinates": [
          46.0592907,
          37.3386053
        ]
      }
    },
    {
      "type": "Feature",
      "properties": {
        "name": "بناب جدید",
        "province": "آذربایجان شرقی",
        "is_capital": false
      },
      "geometry": {
        "type": "Point",
        "coordinates": [
          45.9086682,
          38.428347
        ]
      }
    },
    {
      "type": "Feature",
      "properties": {
        "name": "تبریز",
        "province": "آذربایجان شرقی",
        "is_capital": true
      },
      "geometry": {
        "type": "Point",
        "coordinates": [
          46.2961952,
          38.0739964
        ]
      }
    },
    {
      "type": "Feature",
      "properties": {
        "name": "تسوج",
        "province": "آذربایجان شرقی",
        "is_capital": false
      },
      "geometry": {
        "type": "Point",
        "coordinates": [
          45.3590459,
          38.3168836
        ]
      }
    },
    {
      "type": "Feature",
      "properties": {
        "name": "تیکمه‌داش",
        "province": "آذربایجان شرقی",
        "is_capital": false
      },
      "geometry": {
        "type": "Point",
        "coordinates": [
          46.9375589,
          37.7257203
        ]
      }
    },
    {
      "type": "Feature",
      "properties": {
        "name": "جلفا",
        "province": "آذربایجان شرقی",
        "is_capital": false
      },
      "geometry": {
        "type": "Point",
        "coordinates": [
          45.6251478,
          38.937675
        ]
      }
    },
    {
      "type": "Feature",
      "properties": {
        "name": "خاروانا",
        "province": "آذربایجان شرقی",
        "is_capital": false
      },
      "geometry": {
        "type": "Point",
        "coordinates": [
          46.1697582,
          38.6851329
        ]
      }
    },
    {
      "type": "Feature",
      "properties": {
        "name": "خامنه",
        "province": "آذربایجان شرقی",
        "is_capital": false
      },
      "geometry": {
        "type": "Point",
        "coordinates": [
          45.6298023,
          38.1934507
        ]
      }
    },
    {
      "type": "Feature",
      "properties": {
        "name": "خراجو",
        "province": "آذربایجان شرقی",
        "is_capital": false
      },
      "geometry": {
        "type": "Point",
        "coordinates": [
          45.9832817,
          37.7249808
        ]
      }
    },
    {
      "type": "Feature",
      "properties": {
        "name": "خسروشهر",
        "province": "آذربایجان شرقی",
        "is_capital": false
      },
      "geometry": {
        "type": "Point",
        "coordinates": [
          46.0524977,
          37.9501802
        ]
      }
    },
    {
      "type": "Feature",
      "properties": {
        "name": "خواجه",
        "province": "آذربایجان شرقی",
        "is_capital": false
      },
      "geometry": {
        "type": "Point",
        "coordinates": [
          46.5827856,
          38.1529122
        ]
      }
    },
    {
      "type": "Feature",
      "properties": {
        "name": "دوزدوزان",
        "province": "آذربایجان شرقی",
        "is_capital": false
      },
      "geometry": {
        "type": "Point",
        "coordinates": [
          47.119787,
          37.948976
        ]
      }
    },
    {
      "type": "Feature",
      "properties": {
        "name": "ذوالبین",
        "province": "آذربایجان شرقی",
        "is_capital": false
      },
      "geometry": {
        "type": "Point",
        "coordinates": [
          46.878859,
          37.478514
        ]
      }
    },
    {
      "type": "Feature",
      "properties": {
        "name": "زرنق",
        "province": "آذربایجان شرقی",
        "is_capital": false
      },
      "geometry": {
        "type": "Point",
        "coordinates": [
          47.6724879,
          37.3351718
        ]
      }
    },
    {
      "type": "Feature",
      "properties": {
        "name": "زنوز",
        "province": "آذربایجان شرقی",
        "is_capital": false
      },
      "geometry": {
        "type": "Point",
        "coordinates": [
          45.8319818,
          38.5880287
        ]
      }
    },
    {
      "type": "Feature",
      "properties": {
        "name": "سراب",
        "province": "آذربایجان شرقی",
        "is_capital": false
      },
      "geometry": {
        "type": "Point",
        "coordinates": [
          47.5374867,
          37.9407851
        ]
      }
    },
    {
      "type": "Feature",
      "properties": {
        "name": "سردرود",
        "province": "آذربایجان شرقی",
        "is_capital": false
      },
      "geometry": {
        "type": "Point",
        "coordinates": [
          46.1474327,
          38.0278895
        ]
      }
    },
    {
      "type": "Feature",
      "properties": {
        "name": "سهند",
        "province": "آذربایجان شرقی",
        "is_capital": false
      },
      "geometry": {
        "type": "Point",
        "coordinates": [
          46.1184603,
          37.9471891
        ]
      }
    },
    {
      "type": "Feature",
      "properties": {
        "name": "سیس",
        "province": "آذربایجان شرقی",
        "is_capital": false
      },
      "geometry": {
        "type": "Point",
        "coordinates": [
          45.8124325,
          38.1997037
        ]
      }
    },
    {
      "type": "Feature",
      "properties": {
        "name": "سیه‌رود",
        "province": "آذربایجان شرقی",
        "is_capital": false
      },
      "geometry": {
        "type": "Point",
        "coordinates": [
          46.0023332,
          38.8693808
        ]
      }
    },
    {
      "type": "Feature",
      "properties": {
        "name": "شبستر",
        "province": "آذربایجان شرقی",
        "is_capital": false
      },
      "geometry": {
        "type": "Point",
        "coordinates": [
          45.7002363,
          38.1783704
        ]
      }
    },
    {
      "type": "Feature",
      "properties": {
        "name": "شربیان",
        "province": "آذربایجان شرقی",
        "is_capital": false
      },
      "geometry": {
        "type": "Point",
        "coordinates": [
          47.1008591,
          37.8811174
        ]
      }
    },
    {
      "type": "Feature",
      "properties": {
        "name": "شرفخانه",
        "province": "آذربایجان شرقی",
        "is_capital": false
      },
      "geometry": {
        "type": "Point",
        "coordinates": [
          45.4892529,
          38.1786897
        ]
      }
    },
    {
      "type": "Feature",
      "properties": {
        "name": "شندآباد",
        "province": "آذربایجان شرقی",
        "is_capital": false
      },
      "geometry": {
        "type": "Point",
        "coordinates": [
          45.6298841,
          38.1414419
        ]
      }
    },
    {
      "type": "Feature",
      "properties": {
        "name": "صوفیان",
        "province": "آذربایجان شرقی",
        "is_capital": false
      },
      "geometry": {
        "type": "Point",
        "coordinates": [
          45.981373,
          38.27694
        ]
      }
    },
    {
      "type": "Feature",
      "properties": {
        "name": "عجب‌شیر",
        "province": "آذربایجان شرقی",
        "is_capital": false
      },
      "geometry": {
        "type": "Point",
        "coordinates": [
          45.8936922,
          37.4770929
        ]
      }
    },
    {
      "type": "Feature",
      "properties": {
        "name": "قره‌آغاج",
        "province": "آذربایجان شرقی",
        "is_capital": false
      },
      "geometry": {
        "type": "Point",
        "coordinates": [
          46.9750123,
          37.1287747
        ]
      }
    },
    {
      "type": "Feature",
      "properties": {
        "name": "لیلان",
        "province": "آذربایجان شرقی",
        "is_capital": false
      },
      "geometry": {
        "type": "Point",
        "coordinates": [
          46.2059139,
          37.0111324
        ]
      }
    },
    {
      "type": "Feature",
      "properties": {
        "name": "مراغه",
        "province": "آذربایجان شرقی",
        "is_capital": false
      },
      "geometry": {
        "type": "Point",
        "coordinates": [
          46.2397524,
          37.3916705
        ]
      }
    },
    {
      "type": "Feature",
      "properties": {
        "name": "مرند",
        "province": "آذربایجان شرقی",
        "is_capital": false
      },
      "geometry": {
        "type": "Point",
        "coordinates": [
          45.7741,
          38.4306358
        ]
      }
    },
    {
      "type": "Feature",
      "properties": {
        "name": "ممقان",
        "province": "آذربایجان شرقی",
        "is_capital": false
      },
      "geometry": {
        "type": "Point",
        "coordinates": [
          45.9729822,
          37.8443261
        ]
      }
    },
    {
      "type": "Feature",
      "properties": {
        "name": "مهربان",
        "province": "آذربایجان شرقی",
        "is_capital": false
      },
      "geometry": {
        "type": "Point",
        "coordinates": [
          47.1317722,
          38.0806733
        ]
      }
    },
    {
      "type": "Feature",
      "properties": {
        "name": "میانه",
        "province": "آذربایجان شرقی",
        "is_capital": false
      },
      "geometry": {
        "type": "Point",
        "coordinates": [
          47.705862,
          37.428343
        ]
      }
    },
    {
      "type": "Feature",
      "properties": {
        "name": "هادیشهر",
        "province": "آذربایجان شرقی",
        "is_capital": false
      },
      "geometry": {
        "type": "Point",
        "coordinates": [
          45.6648065,
          38.8416756
        ]
      }
    },
    {
      "type": "Feature",
      "properties": {
        "name": "هریس",
        "province": "آذربایجان شرقی",
        "is_capital": false
      },
      "geometry": {
        "type": "Point",
        "coordinates": [
          47.1162759,
          38.2472611
        ]
      }
    },
    {
      "type": "Feature",
      "properties": {
        "name": "هشترود",
        "province": "آذربایجان شرقی",
        "is_capital": false
      },
      "geometry": {
        "type": "Point",
        "coordinates": [
          47.0495919,
          37.4764996
        ]
      }
    },
    {
      "type": "Feature",
      "properties": {
        "name": "هوراند",
        "province": "آذربایجان شرقی",
        "is_capital": false
      },
      "geometry": {
        "type": "Point",
        "coordinates": [
          47.3683131,
          38.8604709
        ]
      }
    },
    {
      "type": "Feature",
      "properties": {
        "name": "وایقان",
        "province": "آذربایجان شرقی",
        "is_capital": false
      },
      "geometry": {
        "type": "Point",
        "coordinates": [
          45.7129464,
          38.1304823
        ]
      }
    },
    {
      "type": "Feature",
      "properties": {
        "name": "ورزقان",
        "province": "آذربایجان شرقی",
        "is_capital": false
      },
      "geometry": {
        "type": "Point",
        "coordinates": [
          46.6487801,
          38.5087607
        ]
      }
    },
    {
      "type": "Feature",
      "properties": {
        "name": "کلیبر",
        "province": "آذربایجان شرقی",
        "is_capital": false
      },
      "geometry": {
        "type": "Point",
        "coordinates": [
          47.038217,
          38.8653368
        ]
      }
    },
    {
      "type": "Feature",
      "properties": {
        "name": "کوزه‌کنان",
        "province": "آذربایجان شرقی",
        "is_capital": false
      },
      "geometry": {
        "type": "Point",
        "coordinates": [
          45.5751442,
          38.1865623
        ]
      }
    },
    {
      "type": "Feature",
      "properties": {
        "name": "کُشکسرای",
        "province": "آذربایجان شرقی",
        "is_capital": false
      },
      "geometry": {
        "type": "Point",
        "coordinates": [
          45.566139,
          38.463535
        ]
      }
    },
    {
      "type": "Feature",
      "properties": {
        "name": "گوگان",
        "province": "آذربایجان شرقی",
        "is_capital": false
      },
      "geometry": {
        "type": "Point",
        "coordinates": [
          45.9038288,
          37.7818413
        ]
      }
    },
    {
      "type": "Feature",
      "properties": {
        "name": "یامچی",
        "province": "آذربایجان شرقی",
        "is_capital": false
      },
      "geometry": {
        "type": "Point",
        "coordinates": [
          45.6404499,
          38.5223144
        ]
      }
    },
    {
      "type": "Feature",
      "properties": {
        "name": "آواجیق",
        "province": "آذربایجان غربی",
        "is_capital": false
      },
      "geometry": {
        "type": "Point",
        "coordinates": [
          44.1538901,
          39.3301839
        ]
      }
    },
    {
      "type": "Feature",
      "properties": {
        "name": "ارومیه",
        "province": "آذربایجان غربی",
        "is_capital": true
      },
      "geometry": {
        "type": "Point",
        "coordinates": [
          45.0682863,
          37.5493473
        ]
      }
    },
    {
      "type": "Feature",
      "properties": {
        "name": "اشنویه",
        "province": "آذربایجان غربی",
        "is_capital": false
      },
      "geometry": {
        "type": "Point",
        "coordinates": [
          45.0983499,
          37.0418235
        ]
      }
    },
    {
      "type": "Feature",
      "properties": {
        "name": "ایواوغلی",
        "province": "آذربایجان غربی",
        "is_capital": false
      },
      "geometry": {
        "type": "Point",
        "coordinates": [
          45.206595,
          38.7139034
        ]
      }
    },
    {
      "type": "Feature",
      "properties": {
        "name": "باروق",
        "province": "آذربایجان غربی",
        "is_capital": false
      },
      "geometry": {
        "type": "Point",
        "coordinates": [
          46.3247366,
          36.9546339
        ]
      }
    },
    {
      "type": "Feature",
      "properties": {
        "name": "بازرگان",
        "province": "آذربایجان غربی",
        "is_capital": false
      },
      "geometry": {
        "type": "Point",
        "coordinates": [
          44.3876859,
          39.3886668
        ]
      }
    },
    {
      "type": "Feature",
      "properties": {
        "name": "بوکان",
        "province": "آذربایجان غربی",
        "is_capital": false
      },
      "geometry": {
        "type": "Point",
        "coordinates": [
          46.2111837,
          36.5215096
        ]
      }
    },
    {
      "type": "Feature",
      "properties": {
        "name": "تکاب",
        "province": "آذربایجان غربی",
        "is_capital": false
      },
      "geometry": {
        "type": "Point",
        "coordinates": [
          47.1117125,
          36.4007658
        ]
      }
    },
    {
      "type": "Feature",
      "properties": {
        "name": "خوی",
        "province": "آذربایجان غربی",
        "is_capital": false
      },
      "geometry": {
        "type": "Point",
        "coordinates": [
          44.95354,
          38.5504343
        ]
      }
    },
    {
      "type": "Feature",
      "properties": {
        "name": "سردشت",
        "province": "آذربایجان غربی",
        "is_capital": false
      },
      "geometry": {
        "type": "Point",
        "coordinates": [
          45.4799637,
          36.1553184
        ]
      }
    },
    {
      "type": "Feature",
      "properties": {
        "name": "سرو",
        "province": "آذربایجان غربی",
        "is_capital": false
      },
      "geometry": {
        "type": "Point",
        "coordinates": [
          45.5116179,
          36.6163224
        ]
      }
    },
    {
      "type": "Feature",
      "properties": {
        "name": "سلماس",
        "province": "آذربایجان غربی",
        "is_capital": false
      },
      "geometry": {
        "type": "Point",
        "coordinates": [
          44.7685015,
          38.1969035
        ]
      }
    },
    {
      "type": "Feature",
      "properties": {
        "name": "سیلوانه",
        "province": "آذربایجان غربی",
        "is_capital": false
      },
      "geometry": {
        "type": "Point",
        "coordinates": [
          44.8543213,
          37.4216528
        ]
      }
    },
    {
      "type": "Feature",
      "properties": {
        "name": "سیمینه",
        "province": "آذربایجان غربی",
        "is_capital": false
      },
      "geometry": {
        "type": "Point",
        "coordinates": [
          46.1534194,
          36.7303445
        ]
      }
    },
    {
      "type": "Feature",
      "properties": {
        "name": "سیه‌چشمه",
        "province": "آذربایجان غربی",
        "is_capital": false
      },
      "geometry": {
        "type": "Point",
        "coordinates": [
          44.3844026,
          39.0651269
        ]
      }
    },
    {
      "type": "Feature",
      "properties": {
        "name": "شاهین دژ",
        "province": "آذربایجان غربی",
        "is_capital": false
      },
      "geometry": {
        "type": "Point",
        "coordinates": [
          46.5656627,
          36.6784386
        ]
      }
    },
    {
      "type": "Feature",
      "properties": {
        "name": "شوط",
        "province": "آذربایجان غربی",
        "is_capital": false
      },
      "geometry": {
        "type": "Point",
        "coordinates": [
          44.7711898,
          39.2178874
        ]
      }
    },
    {
      "type": "Feature",
      "properties": {
        "name": "فیرورق",
        "province": "آذربایجان غربی",
        "is_capital": false
      },
      "geometry": {
        "type": "Point",
        "coordinates": [
          44.8316495,
          38.5821035
        ]
      }
    },
    {
      "type": "Feature",
      "properties": {
        "name": "قره ضیاءالدین",
        "province": "آذربایجان غربی",
        "is_capital": false
      },
      "geometry": {
        "type": "Point",
        "coordinates": [
          45.026135,
          38.890746
        ]
      }
    },
    {
      "type": "Feature",
      "properties": {
        "name": "ماکو",
        "province": "آذربایجان غربی",
        "is_capital": false
      },
      "geometry": {
        "type": "Point",
        "coordinates": [
          44.4521426,
          39.2910508
        ]
      }
    },
    {
      "type": "Feature",
      "properties": {
        "name": "محمدیار",
        "province": "آذربایجان غربی",
        "is_capital": false
      },
      "geometry": {
        "type": "Point",
        "coordinates": [
          45.5167584,
          36.9841837
        ]
      }
    },
    {
      "type": "Feature",
      "properties": {
        "name": "محمودآباد",
        "province": "آذربایجان غربی",
        "is_capital": false
      },
      "geometry": {
        "type": "Point",
        "coordinates": [
          45.130571,
          37.3659163
        ]
      }
    },
    {
      "type": "Feature",
      "properties": {
        "name": "مرز تمرچین",
        "province": "آذربایجان غربی",
        "is_capital": false
      },
      "geometry": {
        "type": "Point",
        "coordinates": [
          45.095417,
          36.65978
        ]
      }
    },
    {
      "type": "Feature",
      "properties": {
        "name": "مهاباد",
        "province": "آذربایجان غربی",
        "is_capital": false
      },
      "geometry": {
        "type": "Point",
        "coordinates": [
          45.0880451009582,
          37.55128515
        ]
      }
    },
    {
      "type": "Feature",
      "properties": {
        "name": "میاندوآب",
        "province": "آذربایجان غربی",
        "is_capital": false
      },
      "geometry": {
        "type": "Point",
        "coordinates": [
          46.0993809,
          36.9695588
        ]
      }
    },
    {
      "type": "Feature",
      "properties": {
        "name": "میرآباد",
        "province": "آذربایجان غربی",
        "is_capital": false
      },
      "geometry": {
        "type": "Point",
        "coordinates": [
          44.7098283,
          38.998891
        ]
      }
    },
    {
      "type": "Feature",
      "properties": {
        "name": "نالوس",
        "province": "آذربایجان غربی",
        "is_capital": false
      },
      "geometry": {
        "type": "Point",
        "coordinates": [
          45.1431549,
          36.9835017
        ]
      }
    },
    {
      "type": "Feature",
      "properties": {
        "name": "نقده",
        "province": "آذربایجان غربی",
        "is_capital": false
      },
      "geometry": {
        "type": "Point",
        "coordinates": [
          45.3878933,
          36.9555967
        ]
      }
    },
    {
      "type": "Feature",
      "properties": {
        "name": "نوشین‌شهر",
        "province": "آذربایجان غربی",
        "is_capital": false
      },
      "geometry": {
        "type": "Point",
        "coordinates": [
          45.0510944,
          37.7345037
        ]
      }
    },
    {
      "type": "Feature",
      "properties": {
        "name": "پلدشت",
        "province": "آذربایجان غربی",
        "is_capital": false
      },
      "geometry": {
        "type": "Point",
        "coordinates": [
          45.0687348,
          39.3476817
        ]
      }
    },
    {
      "type": "Feature",
      "properties": {
        "name": "پیرانشهر",
        "province": "آذربایجان غربی",
        "is_capital": false
      },
      "geometry": {
        "type": "Point",
        "coordinates": [
          45.140337,
          36.6994559
        ]
      }
    },
    {
      "type": "Feature",
      "properties": {
        "name": "چایپاره",
        "province": "آذربایجان غربی",
        "is_capital": false
      },
      "geometry": {
        "type": "Point",
        "coordinates": [
          45.026135,
          38.890746
        ]
      }
    },
    {
      "type": "Feature",
      "properties": {
        "name": "کشاورز",
        "province": "آذربایجان غربی",
        "is_capital": false
      },
      "geometry": {
        "type": "Point",
        "coordinates": [
          46.3573777,
          36.8355495
        ]
      }
    },
    {
      "type": "Feature",
      "properties": {
        "name": "گردکشانه",
        "province": "آذربایجان غربی",
        "is_capital": false
      },
      "geometry": {
        "type": "Point",
        "coordinates": [
          45.264528,
          36.8084866
        ]
      }
    },
    {
      "type": "Feature",
      "properties": {
        "name": "آبی‌بیگلو",
        "province": "اردبیل",
        "is_capital": false
      },
      "geometry": {
        "type": "Point",
        "coordinates": [
          48.5527012,
          38.28365
        ]
      }
    },
    {
      "type": "Feature",
      "properties": {
        "name": "اردبیل",
        "province": "اردبیل",
        "is_capital": true
      },
      "geometry": {
        "type": "Point",
        "coordinates": [
          48.298459,
          38.255643
        ]
      }
    },
    {
      "type": "Feature",
      "properties": {
        "name": "اصلاندوز",
        "province": "اردبیل",
        "is_capital": false
      },
      "geometry": {
        "type": "Point",
        "coordinates": [
          47.4102145,
          39.4417175
        ]
      }
    },
    {
      "type": "Feature",
      "properties": {
        "name": "بیله‌سوار",
        "province": "اردبیل",
        "is_capital": false
      },
      "geometry": {
        "type": "Point",
        "coordinates": [
          48.3496043,
          39.378137
        ]
      }
    },
    {
      "type": "Feature",
      "properties": {
        "name": "خلخال",
        "province": "اردبیل",
        "is_capital": false
      },
      "geometry": {
        "type": "Point",
        "coordinates": [
          48.5278144,
          37.6192217
        ]
      }
    },
    {
      "type": "Feature",
      "properties": {
        "name": "دشت مغان",
        "province": "اردبیل",
        "is_capital": false
      },
      "geometry": {
        "type": "Point",
        "coordinates": [
          47.905368,
          39.621213
        ]
      }
    },
    {
      "type": "Feature",
      "properties": {
        "name": "عنبران",
        "province": "اردبیل",
        "is_capital": false
      },
      "geometry": {
        "type": "Point",
        "coordinates": [
          48.4355097,
          38.4900003
        ]
      }
    },
    {
      "type": "Feature",
      "properties": {
        "name": "مشگین‌شهر",
        "province": "اردبیل",
        "is_capital": false
      },
      "geometry": {
        "type": "Point",
        "coordinates": [
          47.664785,
          38.395411
        ]
      }
    },
    {
      "type": "Feature",
      "properties": {
        "name": "نیر",
        "province": "اردبیل",
        "is_capital": false
      },
      "geometry": {
        "type": "Point",
        "coordinates": [
          47.9991069,
          38.034005
        ]
      }
    },
    {
      "type": "Feature",
      "properties": {
        "name": "پارس‌آباد",
        "province": "اردبیل",
        "is_capital": false
      },
      "geometry": {
        "type": "Point",
        "coordinates": [
          47.918551,
          39.6461735
        ]
      }
    },
    {
      "type": "Feature",
      "properties": {
        "name": "گرمی",
        "province": "اردبیل",
        "is_capital": false
      },
      "geometry": {
        "type": "Point",
        "coordinates": [
          48.08053,
          39.0288619
        ]
      }
    },
    {
      "type": "Feature",
      "properties": {
        "name": "گیوی",
        "province": "اردبیل",
        "is_capital": false
      },
      "geometry": {
        "type": "Point",
        "coordinates": [
          48.339211,
          37.691527
        ]
      }
    },
    {
      "type": "Feature",
      "properties": {
        "name": "آبچوئیه",
        "province": "اصفهان",
        "is_capital": false
      },
      "geometry": {
        "type": "Point",
        "coordinates": [
          52.790015,
          32.684988
        ]
      }
    },
    {
      "type": "Feature",
      "properties": {
        "name": "ابریشم",
        "province": "اصفهان",
        "is_capital": false
      },
      "geometry": {
        "type": "Point",
        "coordinates": [
          51.5731114,
          32.5580254
        ]
      }
    },
    {
      "type": "Feature",
      "properties": {
        "name": "ابوزیدآباد",
        "province": "اصفهان",
        "is_capital": false
      },
      "geometry": {
        "type": "Point",
        "coordinates": [
          51.762085,
          33.900233
        ]
      }
    },
    {
      "type": "Feature",
      "properties": {
        "name": "اردستان",
        "province": "اصفهان",
        "is_capital": false
      },
      "geometry": {
        "type": "Point",
        "coordinates": [
          52.3724967,
          33.3797762
        ]
      }
    },
    {
      "type": "Feature",
      "properties": {
        "name": "اصفهان",
        "province": "اصفهان",
        "is_capital": true
      },
      "geometry": {
        "type": "Point",
        "coordinates": [
          51.6650002,
          32.6707877
        ]
      }
    },
    {
      "type": "Feature",
      "properties": {
        "name": "اژیه",
        "province": "اصفهان",
        "is_capital": false
      },
      "geometry": {
        "type": "Point",
        "coordinates": [
          52.3789114,
          32.4400685
        ]
      }
    },
    {
      "type": "Feature",
      "properties": {
        "name": "بادرود",
        "province": "اصفهان",
        "is_capital": false
      },
      "geometry": {
        "type": "Point",
        "coordinates": [
          52.0076895,
          33.6916541
        ]
      }
    },
    {
      "type": "Feature",
      "properties": {
        "name": "برف‌انبار",
        "province": "اصفهان",
        "is_capital": false
      },
      "geometry": {
        "type": "Point",
        "coordinates": [
          50.1956911,
          33.0022943
        ]
      }
    },
    {
      "type": "Feature",
      "properties": {
        "name": "بهارستان",
        "province": "اصفهان",
        "is_capital": false
      },
      "geometry": {
        "type": "Point",
        "coordinates": [
          51.7790514,
          32.4885313
        ]
      }
    },
    {
      "type": "Feature",
      "properties": {
        "name": "تودشک",
        "province": "اصفهان",
        "is_capital": false
      },
      "geometry": {
        "type": "Point",
        "coordinates": [
          52.6673493,
          32.7198176
        ]
      }
    },
    {
      "type": "Feature",
      "properties": {
        "name": "تیران",
        "province": "اصفهان",
        "is_capital": false
      },
      "geometry": {
        "type": "Point",
        "coordinates": [
          51.1530853,
          32.7039199
        ]
      }
    },
    {
      "type": "Feature",
      "properties": {
        "name": "جندق",
        "province": "اصفهان",
        "is_capital": false
      },
      "geometry": {
        "type": "Point",
        "coordinates": [
          54.4150165,
          34.0422837
        ]
      }
    },
    {
      "type": "Feature",
      "properties": {
        "name": "جوشقان و کامو",
        "province": "اصفهان",
        "is_capital": false
      },
      "geometry": {
        "type": "Point",
        "coordinates": [
          51.225135,
          33.602492
        ]
      }
    },
    {
      "type": "Feature",
      "properties": {
        "name": "خالدآباد",
        "province": "اصفهان",
        "is_capital": false
      },
      "geometry": {
        "type": "Point",
        "coordinates": [
          51.9883183,
          33.6998125
        ]
      }
    },
    {
      "type": "Feature",
      "properties": {
        "name": "خمینی‌شهر",
        "province": "اصفهان",
        "is_capital": false
      },
      "geometry": {
        "type": "Point",
        "coordinates": [
          51.5254892,
          32.6938201
        ]
      }
    },
    {
      "type": "Feature",
      "properties": {
        "name": "خوانسار",
        "province": "اصفهان",
        "is_capital": false
      },
      "geometry": {
        "type": "Point",
        "coordinates": [
          50.3146044,
          33.22692
        ]
      }
    },
    {
      "type": "Feature",
      "properties": {
        "name": "خور",
        "province": "اصفهان",
        "is_capital": false
      },
      "geometry": {
        "type": "Point",
        "coordinates": [
          55.0828304,
          33.7761331
        ]
      }
    },
    {
      "type": "Feature",
      "properties": {
        "name": "خوراسگان",
        "province": "اصفهان",
        "is_capital": false
      },
      "geometry": {
        "type": "Point",
        "coordinates": [
          51.7550143,
          32.6517232
        ]
      }
    },
    {
      "type": "Feature",
      "properties": {
        "name": "خورزوق",
        "province": "اصفهان",
        "is_capital": false
      },
      "geometry": {
        "type": "Point",
        "coordinates": [
          51.649011,
          32.7776241
        ]
      }
    },
    {
      "type": "Feature",
      "properties": {
        "name": "خوروبیابانک",
        "province": "اصفهان",
        "is_capital": false
      },
      "geometry": {
        "type": "Point",
        "coordinates": [
          55.0828304,
          33.7761331
        ]
      }
    },
    {
      "type": "Feature",
      "properties": {
        "name": "داران",
        "province": "اصفهان",
        "is_capital": false
      },
      "geometry": {
        "type": "Point",
        "coordinates": [
          50.403993,
          32.992154
        ]
      }
    },
    {
      "type": "Feature",
      "properties": {
        "name": "دهاقان",
        "province": "اصفهان",
        "is_capital": false
      },
      "geometry": {
        "type": "Point",
        "coordinates": [
          51.6547247,
          31.9344047
        ]
      }
    },
    {
      "type": "Feature",
      "properties": {
        "name": "دهق",
        "province": "اصفهان",
        "is_capital": false
      },
      "geometry": {
        "type": "Point",
        "coordinates": [
          50.9668778,
          33.1015294
        ]
      }
    },
    {
      "type": "Feature",
      "properties": {
        "name": "دولت آباد",
        "province": "اصفهان",
        "is_capital": false
      },
      "geometry": {
        "type": "Point",
        "coordinates": [
          52.2002763,
          33.6091519
        ]
      }
    },
    {
      "type": "Feature",
      "properties": {
        "name": "دیزیچه",
        "province": "اصفهان",
        "is_capital": false
      },
      "geometry": {
        "type": "Point",
        "coordinates": [
          51.5116857,
          32.3805576
        ]
      }
    },
    {
      "type": "Feature",
      "properties": {
        "name": "رضوان شهر",
        "province": "اصفهان",
        "is_capital": false
      },
      "geometry": {
        "type": "Point",
        "coordinates": [
          51.064282,
          32.665594
        ]
      }
    },
    {
      "type": "Feature",
      "properties": {
        "name": "زاغل",
        "province": "اصفهان",
        "is_capital": false
      },
      "geometry": {
        "type": "Point",
        "coordinates": [
          52.599043,
          33.248596
        ]
      }
    },
    {
      "type": "Feature",
      "properties": {
        "name": "زرین‌شهر",
        "province": "اصفهان",
        "is_capital": false
      },
      "geometry": {
        "type": "Point",
        "coordinates": [
          51.3737142,
          32.3887062
        ]
      }
    },
    {
      "type": "Feature",
      "properties": {
        "name": "زیار",
        "province": "اصفهان",
        "is_capital": false
      },
      "geometry": {
        "type": "Point",
        "coordinates": [
          51.939079,
          32.512311
        ]
      }
    },
    {
      "type": "Feature",
      "properties": {
        "name": "زیباشهر",
        "province": "اصفهان",
        "is_capital": false
      },
      "geometry": {
        "type": "Point",
        "coordinates": [
          51.561477,
          32.389599
        ]
      }
    },
    {
      "type": "Feature",
      "properties": {
        "name": "سمیرم",
        "province": "اصفهان",
        "is_capital": false
      },
      "geometry": {
        "type": "Point",
        "coordinates": [
          51.5708254,
          31.4136588
        ]
      }
    },
    {
      "type": "Feature",
      "properties": {
        "name": "شاهین‌شهر",
        "province": "اصفهان",
        "is_capital": false
      },
      "geometry": {
        "type": "Point",
        "coordinates": [
          51.558376,
          32.8556169
        ]
      }
    },
    {
      "type": "Feature",
      "properties": {
        "name": "شهرضا",
        "province": "اصفهان",
        "is_capital": false
      },
      "geometry": {
        "type": "Point",
        "coordinates": [
          51.8651719,
          32.0116032
        ]
      }
    },
    {
      "type": "Feature",
      "properties": {
        "name": "طالخونچه",
        "province": "اصفهان",
        "is_capital": false
      },
      "geometry": {
        "type": "Point",
        "coordinates": [
          51.5639295,
          32.2661882
        ]
      }
    },
    {
      "type": "Feature",
      "properties": {
        "name": "عسگران",
        "province": "اصفهان",
        "is_capital": false
      },
      "geometry": {
        "type": "Point",
        "coordinates": [
          50.852181,
          32.865658
        ]
      }
    },
    {
      "type": "Feature",
      "properties": {
        "name": "فریدن",
        "province": "اصفهان",
        "is_capital": false
      },
      "geometry": {
        "type": "Point",
        "coordinates": [
          50.3069088,
          33.0214829
        ]
      }
    },
    {
      "type": "Feature",
      "properties": {
        "name": "فریدون‌شهر",
        "province": "اصفهان",
        "is_capital": false
      },
      "geometry": {
        "type": "Point",
        "coordinates": [
          50.1203257,
          32.942017
        ]
      }
    },
    {
      "type": "Feature",
      "properties": {
        "name": "فلاورجان",
        "province": "اصفهان",
        "is_capital": false
      },
      "geometry": {
        "type": "Point",
        "coordinates": [
          51.5079153,
          32.5576772
        ]
      }
    },
    {
      "type": "Feature",
      "properties": {
        "name": "فولادشهر",
        "province": "اصفهان",
        "is_capital": false
      },
      "geometry": {
        "type": "Point",
        "coordinates": [
          51.4173278,
          32.4834868
        ]
      }
    },
    {
      "type": "Feature",
      "properties": {
        "name": "مبارکه",
        "province": "اصفهان",
        "is_capital": false
      },
      "geometry": {
        "type": "Point",
        "coordinates": [
          51.5046633,
          32.3424135
        ]
      }
    },
    {
      "type": "Feature",
      "properties": {
        "name": "محمد آباد",
        "province": "اصفهان",
        "is_capital": false
      },
      "geometry": {
        "type": "Point",
        "coordinates": [
          55.1730666,
          34.1962521
        ]
      }
    },
    {
      "type": "Feature",
      "properties": {
        "name": "محمودآباد",
        "province": "اصفهان",
        "is_capital": false
      },
      "geometry": {
        "type": "Point",
        "coordinates": [
          51.57391,
          32.775676
        ]
      }
    },
    {
      "type": "Feature",
      "properties": {
        "name": "مورچه خورت",
        "province": "اصفهان",
        "is_capital": false
      },
      "geometry": {
        "type": "Point",
        "coordinates": [
          51.478221,
          33.087209
        ]
      }
    },
    {
      "type": "Feature",
      "properties": {
        "name": "میمه",
        "province": "اصفهان",
        "is_capital": false
      },
      "geometry": {
        "type": "Point",
        "coordinates": [
          51.1719845,
          33.4522614
        ]
      }
    },
    {
      "type": "Feature",
      "properties": {
        "name": "نایین",
        "province": "اصفهان",
        "is_capital": false
      },
      "geometry": {
        "type": "Point",
        "coordinates": [
          53.085985,
          32.8610688
        ]
      }
    },
    {
      "type": "Feature",
      "properties": {
        "name": "نجف‌آباد",
        "province": "اصفهان",
        "is_capital": false
      },
      "geometry": {
        "type": "Point",
        "coordinates": [
          51.3656199,
          32.6334121
        ]
      }
    },
    {
      "type": "Feature",
      "properties": {
        "name": "نطنز",
        "province": "اصفهان",
        "is_capital": false
      },
      "geometry": {
        "type": "Point",
        "coordinates": [
          51.9140078,
          33.5136336
        ]
      }
    },
    {
      "type": "Feature",
      "properties": {
        "name": "نوش‌آباد",
        "province": "اصفهان",
        "is_capital": false
      },
      "geometry": {
        "type": "Point",
        "coordinates": [
          51.4338827,
          34.0776414
        ]
      }
    },
    {
      "type": "Feature",
      "properties": {
        "name": "نیاسر",
        "province": "اصفهان",
        "is_capital": false
      },
      "geometry": {
        "type": "Point",
        "coordinates": [
          51.1457545,
          33.970466
        ]
      }
    },
    {
      "type": "Feature",
      "properties": {
        "name": "نیک‌آباد",
        "province": "اصفهان",
        "is_capital": false
      },
      "geometry": {
        "type": "Point",
        "coordinates": [
          52.2032026,
          32.3041598
        ]
      }
    },
    {
      "type": "Feature",
      "properties": {
        "name": "ورنامخواست",
        "province": "اصفهان",
        "is_capital": false
      },
      "geometry": {
        "type": "Point",
        "coordinates": [
          51.378721,
          32.357052
        ]
      }
    },
    {
      "type": "Feature",
      "properties": {
        "name": "چادگان",
        "province": "اصفهان",
        "is_capital": false
      },
      "geometry": {
        "type": "Point",
        "coordinates": [
          50.621355,
          32.76391
        ]
      }
    },
    {
      "type": "Feature",
      "properties": {
        "name": "چمگردان",
        "province": "اصفهان",
        "is_capital": false
      },
      "geometry": {
        "type": "Point",
        "coordinates": [
          51.338919,
          32.393093
        ]
      }
    },
    {
      "type": "Feature",
      "properties": {
        "name": "کاشان",
        "province": "اصفهان",
        "is_capital": false
      },
      "geometry": {
        "type": "Point",
        "coordinates": [
          51.4427935,
          33.9873888
        ]
      }
    },
    {
      "type": "Feature",
      "properties": {
        "name": "کمشجه",
        "province": "اصفهان",
        "is_capital": false
      },
      "geometry": {
        "type": "Point",
        "coordinates": [
          51.812339,
          32.905838
        ]
      }
    },
    {
      "type": "Feature",
      "properties": {
        "name": "کمه ",
        "province": "اصفهان",
        "is_capital": false
      },
      "geometry": {
        "type": "Point",
        "coordinates": [
          51.5934004,
          31.067191
        ]
      }
    },
    {
      "type": "Feature",
      "properties": {
        "name": "کهریزسنگ",
        "province": "اصفهان",
        "is_capital": false
      },
      "geometry": {
        "type": "Point",
        "coordinates": [
          51.477685,
          32.629326
        ]
      }
    },
    {
      "type": "Feature",
      "properties": {
        "name": "کوهپایه ",
        "province": "اصفهان",
        "is_capital": false
      },
      "geometry": {
        "type": "Point",
        "coordinates": [
          52.4405045,
          32.7138321
        ]
      }
    },
    {
      "type": "Feature",
      "properties": {
        "name": "گز",
        "province": "اصفهان",
        "is_capital": false
      },
      "geometry": {
        "type": "Point",
        "coordinates": [
          51.6168226,
          32.8062144
        ]
      }
    },
    {
      "type": "Feature",
      "properties": {
        "name": "گلپایگان",
        "province": "اصفهان",
        "is_capital": false
      },
      "geometry": {
        "type": "Point",
        "coordinates": [
          50.2883303,
          33.456488
        ]
      }
    },
    {
      "type": "Feature",
      "properties": {
        "name": "گل‌دشت",
        "province": "اصفهان",
        "is_capital": false
      },
      "geometry": {
        "type": "Point",
        "coordinates": [
          51.4391574,
          32.6247941
        ]
      }
    },
    {
      "type": "Feature",
      "properties": {
        "name": "گل‌شهر",
        "province": "اصفهان",
        "is_capital": false
      },
      "geometry": {
        "type": "Point",
        "coordinates": [
          50.464067,
          33.504866
        ]
      }
    },
    {
      "type": "Feature",
      "properties": {
        "name": "گوگد",
        "province": "اصفهان",
        "is_capital": false
      },
      "geometry": {
        "type": "Point",
        "coordinates": [
          50.3554565,
          33.4755802
        ]
      }
    },
    {
      "type": "Feature",
      "properties": {
        "name": "آسارا",
        "province": "البرز",
        "is_capital": false
      },
      "geometry": {
        "type": "Point",
        "coordinates": [
          51.1954666,
          36.036872
        ]
      }
    },
    {
      "type": "Feature",
      "properties": {
        "name": "اشتهارد",
        "province": "البرز",
        "is_capital": false
      },
      "geometry": {
        "type": "Point",
        "coordinates": [
          50.3670608,
          35.7234469
        ]
      }
    },
    {
      "type": "Feature",
      "properties": {
        "name": "ساوجبلاغ",
        "province": "البرز",
        "is_capital": false
      },
      "geometry": {
        "type": "Point",
        "coordinates": [
          50.683794,
          35.960996
        ]
      }
    },
    {
      "type": "Feature",
      "properties": {
        "name": "طالقان",
        "province": "البرز",
        "is_capital": false
      },
      "geometry": {
        "type": "Point",
        "coordinates": [
          50.7655155,
          36.177868
        ]
      }
    },
    {
      "type": "Feature",
      "properties": {
        "name": "فردیس",
        "province": "البرز",
        "is_capital": false
      },
      "geometry": {
        "type": "Point",
        "coordinates": [
          50.976111,
          35.722139
        ]
      }
    },
    {
      "type": "Feature",
      "properties": {
        "name": "ماهدشت",
        "province": "البرز",
        "is_capital": false
      },
      "geometry": {
        "type": "Point",
        "coordinates": [
          50.8110899,
          35.7299002
        ]
      }
    },
    {
      "type": "Feature",
      "properties": {
        "name": "محمدشهر",
        "province": "البرز",
        "is_capital": false
      },
      "geometry": {
        "type": "Point",
        "coordinates": [
          50.9187407,
          35.7598709
        ]
      }
    },
    {
      "type": "Feature",
      "properties": {
        "name": "مشکین‌دشت",
        "province": "البرز",
        "is_capital": false
      },
      "geometry": {
        "type": "Point",
        "coordinates": [
          50.9420223,
          35.7481168
        ]
      }
    },
    {
      "type": "Feature",
      "properties": {
        "name": "نظرآباد",
        "province": "البرز",
        "is_capital": false
      },
      "geometry": {
        "type": "Point",
        "coordinates": [
          50.6097443,
          35.9558897
        ]
      }
    },
    {
      "type": "Feature",
      "properties": {
        "name": "هشتگرد",
        "province": "البرز",
        "is_capital": false
      },
      "geometry": {
        "type": "Point",
        "coordinates": [
          50.6858036,
          35.9641824
        ]
      }
    },
    {
      "type": "Feature",
      "properties": {
        "name": "چهارباغ",
        "province": "البرز",
        "is_capital": false
      },
      "geometry": {
        "type": "Point",
        "coordinates": [
          50.8480555,
          35.8394861
        ]
      }
    },
    {
      "type": "Feature",
      "properties": {
        "name": "کرج",
        "province": "البرز",
        "is_capital": true
      },
      "geometry": {
        "type": "Point",
        "coordinates": [
          51.0073853,
          35.8121955
        ]
      }
    },
    {
      "type": "Feature",
      "properties": {
        "name": "کمالشهر",
        "province": "البرز",
        "is_capital": false
      },
      "geometry": {
        "type": "Point",
        "coordinates": [
          50.8663488,
          35.8598687
        ]
      }
    },
    {
      "type": "Feature",
      "properties": {
        "name": "کوهسار",
        "province": "البرز",
        "is_capital": false
      },
      "geometry": {
        "type": "Point",
        "coordinates": [
          50.7920955,
          35.9627157
        ]
      }
    },
    {
      "type": "Feature",
      "properties": {
        "name": "گرمدره",
        "province": "البرز",
        "is_capital": false
      },
      "geometry": {
        "type": "Point",
        "coordinates": [
          51.0686177,
          35.7553861
        ]
      }
    },
    {
      "type": "Feature",
      "properties": {
        "name": "آسمان آباد",
        "province": "ایلام",
        "is_capital": false
      },
      "geometry": {
        "type": "Point",
        "coordinates": [
          46.4518435,
          33.8619245
        ]
      }
    },
    {
      "type": "Feature",
      "properties": {
        "name": "ابدانان",
        "province": "ایلام",
        "is_capital": false
      },
      "geometry": {
        "type": "Point",
        "coordinates": [
          47.419722,
          32.9925
        ]
      }
    },
    {
      "type": "Feature",
      "properties": {
        "name": "ایلام",
        "province": "ایلام",
        "is_capital": true
      },
      "geometry": {
        "type": "Point",
        "coordinates": [
          46.4202743,
          33.6379365
        ]
      }
    },
    {
      "type": "Feature",
      "properties": {
        "name": "ایوان",
        "province": "ایلام",
        "is_capital": false
      },
      "geometry": {
        "type": "Point",
        "coordinates": [
          46.3096374,
          33.8282411
        ]
      }
    },
    {
      "type": "Feature",
      "properties": {
        "name": "دره شهر",
        "province": "ایلام",
        "is_capital": false
      },
      "geometry": {
        "type": "Point",
        "coordinates": [
          47.3753599,
          33.1385109
        ]
      }
    },
    {
      "type": "Feature",
      "properties": {
        "name": "دشت عباس",
        "province": "ایلام",
        "is_capital": false
      },
      "geometry": {
        "type": "Point",
        "coordinates": [
          47.8241975,
          32.4146641
        ]
      }
    },
    {
      "type": "Feature",
      "properties": {
        "name": "دهلران",
        "province": "ایلام",
        "is_capital": false
      },
      "geometry": {
        "type": "Point",
        "coordinates": [
          47.2674712,
          32.6914932
        ]
      }
    },
    {
      "type": "Feature",
      "properties": {
        "name": "سرابله",
        "province": "ایلام",
        "is_capital": false
      },
      "geometry": {
        "type": "Point",
        "coordinates": [
          46.5654912,
          33.7675797
        ]
      }
    },
    {
      "type": "Feature",
      "properties": {
        "name": "لومار",
        "province": "ایلام",
        "is_capital": false
      },
      "geometry": {
        "type": "Point",
        "coordinates": [
          46.812133,
          33.567913
        ]
      }
    },
    {
      "type": "Feature",
      "properties": {
        "name": "مهران",
        "province": "ایلام",
        "is_capital": false
      },
      "geometry": {
        "type": "Point",
        "coordinates": [
          46.1658505,
          33.1239454
        ]
      }
    },
    {
      "type": "Feature",
      "properties": {
        "name": "موسیان",
        "province": "ایلام",
        "is_capital": false
      },
      "geometry": {
        "type": "Point",
        "coordinates": [
          47.376702,
          32.5209668
        ]
      }
    },
    {
      "type": "Feature",
      "properties": {
        "name": "میمه",
        "province": "ایلام",
        "is_capital": false
      },
      "geometry": {
        "type": "Point",
        "coordinates": [
          46.919563,
          33.2280492
        ]
      }
    },
    {
      "type": "Feature",
      "properties": {
        "name": "پهله",
        "province": "ایلام",
        "is_capital": false
      },
      "geometry": {
        "type": "Point",
        "coordinates": [
          46.8815641,
          33.0119112
        ]
      }
    },
    {
      "type": "Feature",
      "properties": {
        "name": "چرداول",
        "province": "ایلام",
        "is_capital": false
      },
      "geometry": {
        "type": "Point",
        "coordinates": [
          46.757511,
          33.670852
        ]
      }
    },
    {
      "type": "Feature",
      "properties": {
        "name": "آبدان",
        "province": "بوشهر",
        "is_capital": false
      },
      "geometry": {
        "type": "Point",
        "coordinates": [
          51.7703454,
          28.0811819
        ]
      }
    },
    {
      "type": "Feature",
      "properties": {
        "name": "آب‌پخش",
        "province": "بوشهر",
        "is_capital": false
      },
      "geometry": {
        "type": "Point",
        "coordinates": [
          51.0713656,
          29.3604336
        ]
      }
    },
    {
      "type": "Feature",
      "properties": {
        "name": "امام حسن",
        "province": "بوشهر",
        "is_capital": false
      },
      "geometry": {
        "type": "Point",
        "coordinates": [
          50.2645174,
          29.8407369
        ]
      }
    },
    {
      "type": "Feature",
      "properties": {
        "name": "اهرم",
        "province": "بوشهر",
        "is_capital": false
      },
      "geometry": {
        "type": "Point",
        "coordinates": [
          51.2742019,
          28.8830282
        ]
      }
    },
    {
      "type": "Feature",
      "properties": {
        "name": "برازجان",
        "province": "بوشهر",
        "is_capital": false
      },
      "geometry": {
        "type": "Point",
        "coordinates": [
          51.2120597,
          29.2661428
        ]
      }
    },
    {
      "type": "Feature",
      "properties": {
        "name": "بردخون",
        "province": "بوشهر",
        "is_capital": false
      },
      "geometry": {
        "type": "Point",
        "coordinates": [
          51.4771795,
          28.0623996
        ]
      }
    },
    {
      "type": "Feature",
      "properties": {
        "name": "بردستان",
        "province": "بوشهر",
        "is_capital": false
      },
      "geometry": {
        "type": "Point",
        "coordinates": [
          51.9596196,
          27.874025
        ]
      }
    },
    {
      "type": "Feature",
      "properties": {
        "name": "بندر بوشهر",
        "province": "بوشهر",
        "is_capital": false
      },
      "geometry": {
        "type": "Point",
        "coordinates": [
          50.8458443,
          28.9310786
        ]
      }
    },
    {
      "type": "Feature",
      "properties": {
        "name": "بندر دیر",
        "province": "بوشهر",
        "is_capital": false
      },
      "geometry": {
        "type": "Point",
        "coordinates": [
          51.9372144,
          27.8412393
        ]
      }
    },
    {
      "type": "Feature",
      "properties": {
        "name": "بندر دیلم",
        "province": "بوشهر",
        "is_capital": false
      },
      "geometry": {
        "type": "Point",
        "coordinates": [
          50.162503,
          30.0529363
        ]
      }
    },
    {
      "type": "Feature",
      "properties": {
        "name": "بندر ریگ",
        "province": "بوشهر",
        "is_capital": false
      },
      "geometry": {
        "type": "Point",
        "coordinates": [
          50.6295575,
          29.4875457
        ]
      }
    },
    {
      "type": "Feature",
      "properties": {
        "name": "بندر کنگان",
        "province": "بوشهر",
        "is_capital": false
      },
      "geometry": {
        "type": "Point",
        "coordinates": [
          52.06371,
          27.8370685
        ]
      }
    },
    {
      "type": "Feature",
      "properties": {
        "name": "بندر گناوه",
        "province": "بوشهر",
        "is_capital": false
      },
      "geometry": {
        "type": "Point",
        "coordinates": [
          50.518295,
          29.5820434
        ]
      }
    },
    {
      "type": "Feature",
      "properties": {
        "name": "بنک",
        "province": "بوشهر",
        "is_capital": false
      },
      "geometry": {
        "type": "Point",
        "coordinates": [
          52.0270259,
          27.8720312
        ]
      }
    },
    {
      "type": "Feature",
      "properties": {
        "name": "بوشهر",
        "province": "بوشهر",
        "is_capital": true
      },
      "geometry": {
        "type": "Point",
        "coordinates": [
          50.8458443,
          28.9310786
        ]
      }
    },
    {
      "type": "Feature",
      "properties": {
        "name": "تنگ ارم",
        "province": "بوشهر",
        "is_capital": false
      },
      "geometry": {
        "type": "Point",
        "coordinates": [
          51.5293588,
          29.1544748
        ]
      }
    },
    {
      "type": "Feature",
      "properties": {
        "name": "جم",
        "province": "بوشهر",
        "is_capital": false
      },
      "geometry": {
        "type": "Point",
        "coordinates": [
          52.3263597,
          27.8262811
        ]
      }
    },
    {
      "type": "Feature",
      "properties": {
        "name": "خارک",
        "province": "بوشهر",
        "is_capital": false
      },
      "geometry": {
        "type": "Point",
        "coordinates": [
          50.3268076,
          29.2530113
        ]
      }
    },
    {
      "type": "Feature",
      "properties": {
        "name": "خورموج",
        "province": "بوشهر",
        "is_capital": false
      },
      "geometry": {
        "type": "Point",
        "coordinates": [
          51.3758834,
          28.6543108
        ]
      }
    },
    {
      "type": "Feature",
      "properties": {
        "name": "دالکی",
        "province": "بوشهر",
        "is_capital": false
      },
      "geometry": {
        "type": "Point",
        "coordinates": [
          51.2925138,
          29.4307486
        ]
      }
    },
    {
      "type": "Feature",
      "properties": {
        "name": "دلوار",
        "province": "بوشهر",
        "is_capital": false
      },
      "geometry": {
        "type": "Point",
        "coordinates": [
          51.0719232,
          28.7628729
        ]
      }
    },
    {
      "type": "Feature",
      "properties": {
        "name": "دیر",
        "province": "بوشهر",
        "is_capital": false
      },
      "geometry": {
        "type": "Point",
        "coordinates": [
          51.9372144,
          27.8412393
        ]
      }
    },
    {
      "type": "Feature",
      "properties": {
        "name": "ریز",
        "province": "بوشهر",
        "is_capital": false
      },
      "geometry": {
        "type": "Point",
        "coordinates": [
          52.0837191,
          28.0517466
        ]
      }
    },
    {
      "type": "Feature",
      "properties": {
        "name": "سعدآباد",
        "province": "بوشهر",
        "is_capital": false
      },
      "geometry": {
        "type": "Point",
        "coordinates": [
          51.1166292,
          29.3848355
        ]
      }
    },
    {
      "type": "Feature",
      "properties": {
        "name": "شبانکاره",
        "province": "بوشهر",
        "is_capital": false
      },
      "geometry": {
        "type": "Point",
        "coordinates": [
          50.9909728,
          29.4696831
        ]
      }
    },
    {
      "type": "Feature",
      "properties": {
        "name": "شنبه",
        "province": "بوشهر",
        "is_capital": false
      },
      "geometry": {
        "type": "Point",
        "coordinates": [
          51.7645229,
          28.3952701
        ]
      }
    },
    {
      "type": "Feature",
      "properties": {
        "name": "طاهری",
        "province": "بوشهر",
        "is_capital": false
      },
      "geometry": {
        "type": "Point",
        "coordinates": [
          51.2114427,
          28.8160021
        ]
      }
    },
    {
      "type": "Feature",
      "properties": {
        "name": "عسلویه",
        "province": "بوشهر",
        "is_capital": false
      },
      "geometry": {
        "type": "Point",
        "coordinates": [
          52.6070411,
          27.4760027
        ]
      }
    },
    {
      "type": "Feature",
      "properties": {
        "name": "نخل تقی",
        "province": "بوشهر",
        "is_capital": false
      },
      "geometry": {
        "type": "Point",
        "coordinates": [
          52.583854,
          27.4980795
        ]
      }
    },
    {
      "type": "Feature",
      "properties": {
        "name": "وحدتیه",
        "province": "بوشهر",
        "is_capital": false
      },
      "geometry": {
        "type": "Point",
        "coordinates": [
          51.2369657,
          29.48306
        ]
      }
    },
    {
      "type": "Feature",
      "properties": {
        "name": "چغادک",
        "province": "بوشهر",
        "is_capital": false
      },
      "geometry": {
        "type": "Point",
        "coordinates": [
          51.0357975,
          28.9880011
        ]
      }
    },
    {
      "type": "Feature",
      "properties": {
        "name": "کاکی",
        "province": "بوشهر",
        "is_capital": false
      },
      "geometry": {
        "type": "Point",
        "coordinates": [
          51.523857,
          28.3366456
        ]
      }
    },
    {
      "type": "Feature",
      "properties": {
        "name": "کلمه",
        "province": "بوشهر",
        "is_capital": false
      },
      "geometry": {
        "type": "Point",
        "coordinates": [
          51.4581903,
          28.9436694
        ]
      }
    },
    {
      "type": "Feature",
      "properties": {
        "name": "آبعلی",
        "province": "تهران",
        "is_capital": false
      },
      "geometry": {
        "type": "Point",
        "coordinates": [
          51.9628205,
          35.7620424
        ]
      }
    },
    {
      "type": "Feature",
      "properties": {
        "name": "ارجمند",
        "province": "تهران",
        "is_capital": false
      },
      "geometry": {
        "type": "Point",
        "coordinates": [
          52.5141334,
          35.8154903
        ]
      }
    },
    {
      "type": "Feature",
      "properties": {
        "name": "اسلام شهر",
        "province": "تهران",
        "is_capital": false
      },
      "geometry": {
        "type": "Point",
        "coordinates": [
          51.2302457,
          35.5445805
        ]
      }
    },
    {
      "type": "Feature",
      "properties": {
        "name": "اسلام‌شهر",
        "province": "تهران",
        "is_capital": false
      },
      "geometry": {
        "type": "Point",
        "coordinates": [
          51.2302457,
          35.5445805
        ]
      }
    },
    {
      "type": "Feature",
      "properties": {
        "name": "اندیشه",
        "province": "تهران",
        "is_capital": false
      },
      "geometry": {
        "type": "Point",
        "coordinates": [
          51.4388377,
          35.7288939
        ]
      }
    },
    {
      "type": "Feature",
      "properties": {
        "name": "باغستان",
        "province": "تهران",
        "is_capital": false
      },
      "geometry": {
        "type": "Point",
        "coordinates": [
          51.1310219,
          35.6452441
        ]
      }
    },
    {
      "type": "Feature",
      "properties": {
        "name": "باقرشهر",
        "province": "تهران",
        "is_capital": false
      },
      "geometry": {
        "type": "Point",
        "coordinates": [
          51.4053842,
          35.5338489
        ]
      }
    },
    {
      "type": "Feature",
      "properties": {
        "name": "بومهن",
        "province": "تهران",
        "is_capital": false
      },
      "geometry": {
        "type": "Point",
        "coordinates": [
          51.864313,
          35.7285207
        ]
      }
    },
    {
      "type": "Feature",
      "properties": {
        "name": "تهران",
        "province": "تهران",
        "is_capital": true
      },
      "geometry": {
        "type": "Point",
        "coordinates": [
          51.4139829,
          35.7081327
        ]
      }
    },
    {
      "type": "Feature",
      "properties": {
        "name": "دماوند",
        "province": "تهران",
        "is_capital": false
      },
      "geometry": {
        "type": "Point",
        "coordinates": [
          52.0681882,
          35.7179802
        ]
      }
    },
    {
      "type": "Feature",
      "properties": {
        "name": "رباط‌کریم",
        "province": "تهران",
        "is_capital": false
      },
      "geometry": {
        "type": "Point",
        "coordinates": [
          51.0841778,
          35.4850737
        ]
      }
    },
    {
      "type": "Feature",
      "properties": {
        "name": "رودهن",
        "province": "تهران",
        "is_capital": false
      },
      "geometry": {
        "type": "Point",
        "coordinates": [
          51.9063798,
          35.734772
        ]
      }
    },
    {
      "type": "Feature",
      "properties": {
        "name": "ری",
        "province": "تهران",
        "is_capital": false
      },
      "geometry": {
        "type": "Point",
        "coordinates": [
          51.4356413,
          35.5990753
        ]
      }
    },
    {
      "type": "Feature",
      "properties": {
        "name": "زردبند",
        "province": "تهران",
        "is_capital": false
      },
      "geometry": {
        "type": "Point",
        "coordinates": [
          51.5801099,
          35.8219333
        ]
      }
    },
    {
      "type": "Feature",
      "properties": {
        "name": "شاهدشهر",
        "province": "تهران",
        "is_capital": false
      },
      "geometry": {
        "type": "Point",
        "coordinates": [
          51.0868332,
          35.5735353
        ]
      }
    },
    {
      "type": "Feature",
      "properties": {
        "name": "شریف‌آباد",
        "province": "تهران",
        "is_capital": false
      },
      "geometry": {
        "type": "Point",
        "coordinates": [
          51.7902387,
          35.422537
        ]
      }
    },
    {
      "type": "Feature",
      "properties": {
        "name": "شمیرانات",
        "province": "تهران",
        "is_capital": false
      },
      "geometry": {
        "type": "Point",
        "coordinates": [
          51.5991643,
          35.9548021
        ]
      }
    },
    {
      "type": "Feature",
      "properties": {
        "name": "شهریار",
        "province": "تهران",
        "is_capital": false
      },
      "geometry": {
        "type": "Point",
        "coordinates": [
          51.0586022,
          35.6589015
        ]
      }
    },
    {
      "type": "Feature",
      "properties": {
        "name": "صالح‌آباد",
        "province": "تهران",
        "is_capital": false
      },
      "geometry": {
        "type": "Point",
        "coordinates": [
          51.6167707,
          35.4255334
        ]
      }
    },
    {
      "type": "Feature",
      "properties": {
        "name": "صباشهر",
        "province": "تهران",
        "is_capital": false
      },
      "geometry": {
        "type": "Point",
        "coordinates": [
          51.1132146,
          35.582554
        ]
      }
    },
    {
      "type": "Feature",
      "properties": {
        "name": "فردوسیه",
        "province": "تهران",
        "is_capital": false
      },
      "geometry": {
        "type": "Point",
        "coordinates": [
          51.0627593,
          35.6000722
        ]
      }
    },
    {
      "type": "Feature",
      "properties": {
        "name": "فشم",
        "province": "تهران",
        "is_capital": false
      },
      "geometry": {
        "type": "Point",
        "coordinates": [
          51.5271914,
          35.9293609
        ]
      }
    },
    {
      "type": "Feature",
      "properties": {
        "name": "فیروزکوه",
        "province": "تهران",
        "is_capital": false
      },
      "geometry": {
        "type": "Point",
        "coordinates": [
          52.7730592,
          35.7556732
        ]
      }
    },
    {
      "type": "Feature",
      "properties": {
        "name": "قاسم آباد (شورآباد)",
        "province": "تهران",
        "is_capital": false
      },
      "geometry": {
        "type": "Point",
        "coordinates": [
          51.352377,
          35.473791
        ]
      }
    },
    {
      "type": "Feature",
      "properties": {
        "name": "قدس",
        "province": "تهران",
        "is_capital": false
      },
      "geometry": {
        "type": "Point",
        "coordinates": [
          51.1100769,
          35.7204271
        ]
      }
    },
    {
      "type": "Feature",
      "properties": {
        "name": "قرچک",
        "province": "تهران",
        "is_capital": false
      },
      "geometry": {
        "type": "Point",
        "coordinates": [
          51.5697005,
          35.4421824
        ]
      }
    },
    {
      "type": "Feature",
      "properties": {
        "name": "لواسان",
        "province": "تهران",
        "is_capital": false
      },
      "geometry": {
        "type": "Point",
        "coordinates": [
          51.6321444,
          35.8204845
        ]
      }
    },
    {
      "type": "Feature",
      "properties": {
        "name": "ملارد",
        "province": "تهران",
        "is_capital": false
      },
      "geometry": {
        "type": "Point",
        "coordinates": [
          50.9790423,
          35.666763
        ]
      }
    },
    {
      "type": "Feature",
      "properties": {
        "name": "نسیم‌شهر",
        "province": "تهران",
        "is_capital": false
      },
      "geometry": {
        "type": "Point",
        "coordinates": [
          51.164113,
          35.5613083
        ]
      }
    },
    {
      "type": "Feature",
      "properties": {
        "name": "نصیرشهر",
        "province": "تهران",
        "is_capital": false
      },
      "geometry": {
        "type": "Point",
        "coordinates": [
          51.1387733,
          35.4928077
        ]
      }
    },
    {
      "type": "Feature",
      "properties": {
        "name": "وحیدیه",
        "province": "تهران",
        "is_capital": false
      },
      "geometry": {
        "type": "Point",
        "coordinates": [
          51.4691198232762,
          35.7162273
        ]
      }
    },
    {
      "type": "Feature",
      "properties": {
        "name": "ورامین",
        "province": "تهران",
        "is_capital": false
      },
      "geometry": {
        "type": "Point",
        "coordinates": [
          51.6460307,
          35.3283255
        ]
      }
    },
    {
      "type": "Feature",
      "properties": {
        "name": "پاکدشت",
        "province": "تهران",
        "is_capital": false
      },
      "geometry": {
        "type": "Point",
        "coordinates": [
          51.6806973,
          35.4751698
        ]
      }
    },
    {
      "type": "Feature",
      "properties": {
        "name": "پردیس (شهر)",
        "province": "تهران",
        "is_capital": false
      },
      "geometry": {
        "type": "Point",
        "coordinates": [
          51.780285,
          35.740712
        ]
      }
    },
    {
      "type": "Feature",
      "properties": {
        "name": "پیشوا",
        "province": "تهران",
        "is_capital": false
      },
      "geometry": {
        "type": "Point",
        "coordinates": [
          51.7252649,
          35.3058833
        ]
      }
    },
    {
      "type": "Feature",
      "properties": {
        "name": "کیلان",
        "province": "تهران",
        "is_capital": false
      },
      "geometry": {
        "type": "Point",
        "coordinates": [
          52.1684289,
          35.5505069
        ]
      }
    },
    {
      "type": "Feature",
      "properties": {
        "name": "گلستان",
        "province": "تهران",
        "is_capital": false
      },
      "geometry": {
        "type": "Point",
        "coordinates": [
          51.181869,
          35.5181918
        ]
      }
    },
    {
      "type": "Feature",
      "properties": {
        "name": "آیَسک",
        "province": "خراسان جنوبی",
        "is_capital": false
      },
      "geometry": {
        "type": "Point",
        "coordinates": [
          58.380232,
          33.889298
        ]
      }
    },
    {
      "type": "Feature",
      "properties": {
        "name": "اسفدن",
        "province": "خراسان جنوبی",
        "is_capital": false
      },
      "geometry": {
        "type": "Point",
        "coordinates": [
          59.7791575,
          33.6478435
        ]
      }
    },
    {
      "type": "Feature",
      "properties": {
        "name": "اسلامیه",
        "province": "خراسان جنوبی",
        "is_capital": false
      },
      "geometry": {
        "type": "Point",
        "coordinates": [
          58.2202617,
          34.0448547
        ]
      }
    },
    {
      "type": "Feature",
      "properties": {
        "name": "بشرویه",
        "province": "خراسان جنوبی",
        "is_capital": false
      },
      "geometry": {
        "type": "Point",
        "coordinates": [
          57.4253814,
          33.8662098
        ]
      }
    },
    {
      "type": "Feature",
      "properties": {
        "name": "بیرجند",
        "province": "خراسان جنوبی",
        "is_capital": true
      },
      "geometry": {
        "type": "Point",
        "coordinates": [
          59.2177294,
          32.8633961
        ]
      }
    },
    {
      "type": "Feature",
      "properties": {
        "name": "خضری دشت بیاض",
        "province": "خراسان جنوبی",
        "is_capital": false
      },
      "geometry": {
        "type": "Point",
        "coordinates": [
          58.8140837,
          34.0216542
        ]
      }
    },
    {
      "type": "Feature",
      "properties": {
        "name": "خوسف",
        "province": "خراسان جنوبی",
        "is_capital": false
      },
      "geometry": {
        "type": "Point",
        "coordinates": [
          58.892384,
          32.780742
        ]
      }
    },
    {
      "type": "Feature",
      "properties": {
        "name": "درمیان",
        "province": "خراسان جنوبی",
        "is_capital": false
      },
      "geometry": {
        "type": "Point",
        "coordinates": [
          59.9023989,
          32.835952
        ]
      }
    },
    {
      "type": "Feature",
      "properties": {
        "name": "دیهوک",
        "province": "خراسان جنوبی",
        "is_capital": false
      },
      "geometry": {
        "type": "Point",
        "coordinates": [
          57.512094,
          33.291961
        ]
      }
    },
    {
      "type": "Feature",
      "properties": {
        "name": "سرایان",
        "province": "خراسان جنوبی",
        "is_capital": false
      },
      "geometry": {
        "type": "Point",
        "coordinates": [
          58.5250488,
          33.8615755
        ]
      }
    },
    {
      "type": "Feature",
      "properties": {
        "name": "سربیشه",
        "province": "خراسان جنوبی",
        "is_capital": false
      },
      "geometry": {
        "type": "Point",
        "coordinates": [
          59.7967053,
          32.5728594
        ]
      }
    },
    {
      "type": "Feature",
      "properties": {
        "name": "شوسف",
        "province": "خراسان جنوبی",
        "is_capital": false
      },
      "geometry": {
        "type": "Point",
        "coordinates": [
          60.0099186,
          31.8035023
        ]
      }
    },
    {
      "type": "Feature",
      "properties": {
        "name": "طارق",
        "province": "خراسان جنوبی",
        "is_capital": false
      },
      "geometry": {
        "type": "Point",
        "coordinates": [
          59.9380744,
          31.8220003
        ]
      }
    },
    {
      "type": "Feature",
      "properties": {
        "name": "طبس",
        "province": "خراسان جنوبی",
        "is_capital": false
      },
      "geometry": {
        "type": "Point",
        "coordinates": [
          56.9247263,
          33.596031
        ]
      }
    },
    {
      "type": "Feature",
      "properties": {
        "name": "فردوس",
        "province": "خراسان جنوبی",
        "is_capital": false
      },
      "geometry": {
        "type": "Point",
        "coordinates": [
          58.1689746,
          34.01816
        ]
      }
    },
    {
      "type": "Feature",
      "properties": {
        "name": "قائن",
        "province": "خراسان جنوبی",
        "is_capital": false
      },
      "geometry": {
        "type": "Point",
        "coordinates": [
          59.178587,
          33.722041
        ]
      }
    },
    {
      "type": "Feature",
      "properties": {
        "name": "قائنات",
        "province": "خراسان جنوبی",
        "is_capital": false
      },
      "geometry": {
        "type": "Point",
        "coordinates": [
          59.178587,
          33.722041
        ]
      }
    },
    {
      "type": "Feature",
      "properties": {
        "name": "مرز میل 78",
        "province": "خراسان جنوبی",
        "is_capital": false
      },
      "geometry": {
        "type": "Point",
        "coordinates": [
          60.865421,
          32.162518
        ]
      }
    },
    {
      "type": "Feature",
      "properties": {
        "name": "نهبندان",
        "province": "خراسان جنوبی",
        "is_capital": false
      },
      "geometry": {
        "type": "Point",
        "coordinates": [
          60.0349456,
          31.5431543
        ]
      }
    },
    {
      "type": "Feature",
      "properties": {
        "name": "انابد",
        "province": "خراسان رضوی",
        "is_capital": false
      },
      "geometry": {
        "type": "Point",
        "coordinates": [
          57.8122034,
          35.2532264
        ]
      }
    },
    {
      "type": "Feature",
      "properties": {
        "name": "باجگیران",
        "province": "خراسان رضوی",
        "is_capital": false
      },
      "geometry": {
        "type": "Point",
        "coordinates": [
          58.418449,
          37.622419
        ]
      }
    },
    {
      "type": "Feature",
      "properties": {
        "name": "باخرز",
        "province": "خراسان رضوی",
        "is_capital": false
      },
      "geometry": {
        "type": "Point",
        "coordinates": [
          60.3148224,
          34.9941781
        ]
      }
    },
    {
      "type": "Feature",
      "properties": {
        "name": "بایگ",
        "province": "خراسان رضوی",
        "is_capital": false
      },
      "geometry": {
        "type": "Point",
        "coordinates": [
          59.0389376,
          35.3756395
        ]
      }
    },
    {
      "type": "Feature",
      "properties": {
        "name": "بجستان",
        "province": "خراسان رضوی",
        "is_capital": false
      },
      "geometry": {
        "type": "Point",
        "coordinates": [
          58.1834619,
          34.5163087
        ]
      }
    },
    {
      "type": "Feature",
      "properties": {
        "name": "بردسکن",
        "province": "خراسان رضوی",
        "is_capital": false
      },
      "geometry": {
        "type": "Point",
        "coordinates": [
          57.9685311,
          35.2611338
        ]
      }
    },
    {
      "type": "Feature",
      "properties": {
        "name": "بیدخت",
        "province": "خراسان رضوی",
        "is_capital": false
      },
      "geometry": {
        "type": "Point",
        "coordinates": [
          58.7573243,
          34.3463245
        ]
      }
    },
    {
      "type": "Feature",
      "properties": {
        "name": "بینالود",
        "province": "خراسان رضوی",
        "is_capital": false
      },
      "geometry": {
        "type": "Point",
        "coordinates": [
          59.361874,
          35.98047
        ]
      }
    },
    {
      "type": "Feature",
      "properties": {
        "name": "تایباد",
        "province": "خراسان رضوی",
        "is_capital": false
      },
      "geometry": {
        "type": "Point",
        "coordinates": [
          60.7755127,
          34.7401763
        ]
      }
    },
    {
      "type": "Feature",
      "properties": {
        "name": "تربت جام",
        "province": "خراسان رضوی",
        "is_capital": false
      },
      "geometry": {
        "type": "Point",
        "coordinates": [
          60.626313,
          35.2432546
        ]
      }
    },
    {
      "type": "Feature",
      "properties": {
        "name": "تربت حیدریه",
        "province": "خراسان رضوی",
        "is_capital": false
      },
      "geometry": {
        "type": "Point",
        "coordinates": [
          59.2194494,
          35.2740853
        ]
      }
    },
    {
      "type": "Feature",
      "properties": {
        "name": "جغتای",
        "province": "خراسان رضوی",
        "is_capital": false
      },
      "geometry": {
        "type": "Point",
        "coordinates": [
          57.0743721,
          36.638031
        ]
      }
    },
    {
      "type": "Feature",
      "properties": {
        "name": "جنگل",
        "province": "خراسان رضوی",
        "is_capital": false
      },
      "geometry": {
        "type": "Point",
        "coordinates": [
          59.221641,
          34.703244
        ]
      }
    },
    {
      "type": "Feature",
      "properties": {
        "name": "حکم آباد",
        "province": "خراسان رضوی",
        "is_capital": false
      },
      "geometry": {
        "type": "Point",
        "coordinates": [
          57.600833,
          36.631111
        ]
      }
    },
    {
      "type": "Feature",
      "properties": {
        "name": "خانگیران",
        "province": "خراسان رضوی",
        "is_capital": false
      },
      "geometry": {
        "type": "Point",
        "coordinates": [
          60.850606,
          36.412538
        ]
      }
    },
    {
      "type": "Feature",
      "properties": {
        "name": "خرو",
        "province": "خراسان رضوی",
        "is_capital": false
      },
      "geometry": {
        "type": "Point",
        "coordinates": [
          59.0158029,
          36.1442815
        ]
      }
    },
    {
      "type": "Feature",
      "properties": {
        "name": "خلیل‌آباد",
        "province": "خراسان رضوی",
        "is_capital": false
      },
      "geometry": {
        "type": "Point",
        "coordinates": [
          60.030846,
          35.535106
        ]
      }
    },
    {
      "type": "Feature",
      "properties": {
        "name": "خواف",
        "province": "خراسان رضوی",
        "is_capital": false
      },
      "geometry": {
        "type": "Point",
        "coordinates": [
          60.1440373,
          34.5723166
        ]
      }
    },
    {
      "type": "Feature",
      "properties": {
        "name": "داورزن",
        "province": "خراسان رضوی",
        "is_capital": false
      },
      "geometry": {
        "type": "Point",
        "coordinates": [
          56.8766695,
          36.3521485
        ]
      }
    },
    {
      "type": "Feature",
      "properties": {
        "name": "دررود",
        "province": "خراسان رضوی",
        "is_capital": false
      },
      "geometry": {
        "type": "Point",
        "coordinates": [
          59.1162125,
          36.1386891
        ]
      }
    },
    {
      "type": "Feature",
      "properties": {
        "name": "درگز",
        "province": "خراسان رضوی",
        "is_capital": false
      },
      "geometry": {
        "type": "Point",
        "coordinates": [
          59.1064876,
          37.4470313
        ]
      }
    },
    {
      "type": "Feature",
      "properties": {
        "name": "دوغارون",
        "province": "خراسان رضوی",
        "is_capital": false
      },
      "geometry": {
        "type": "Point",
        "coordinates": [
          60.990745,
          34.713795
        ]
      }
    },
    {
      "type": "Feature",
      "properties": {
        "name": "دولت‌آباد",
        "province": "خراسان رضوی",
        "is_capital": false
      },
      "geometry": {
        "type": "Point",
        "coordinates": [
          59.1666169,
          36.4371492
        ]
      }
    },
    {
      "type": "Feature",
      "properties": {
        "name": "رشتخوار",
        "province": "خراسان رضوی",
        "is_capital": false
      },
      "geometry": {
        "type": "Point",
        "coordinates": [
          59.623611,
          34.974722
        ]
      }
    },
    {
      "type": "Feature",
      "properties": {
        "name": "رودآب",
        "province": "خراسان رضوی",
        "is_capital": false
      },
      "geometry": {
        "type": "Point",
        "coordinates": [
          57.318007,
          36.026923
        ]
      }
    },
    {
      "type": "Feature",
      "properties": {
        "name": "سبزوار",
        "province": "خراسان رضوی",
        "is_capital": false
      },
      "geometry": {
        "type": "Point",
        "coordinates": [
          57.6808799,
          36.2134053
        ]
      }
    },
    {
      "type": "Feature",
      "properties": {
        "name": "سرخس",
        "province": "خراسان رضوی",
        "is_capital": false
      },
      "geometry": {
        "type": "Point",
        "coordinates": [
          61.1564431,
          36.5399097
        ]
      }
    },
    {
      "type": "Feature",
      "properties": {
        "name": "سلامی",
        "province": "خراسان رضوی",
        "is_capital": false
      },
      "geometry": {
        "type": "Point",
        "coordinates": [
          59.976769,
          34.745068
        ]
      }
    },
    {
      "type": "Feature",
      "properties": {
        "name": "سنگان",
        "province": "خراسان رضوی",
        "is_capital": false
      },
      "geometry": {
        "type": "Point",
        "coordinates": [
          60.256576,
          34.402234
        ]
      }
    },
    {
      "type": "Feature",
      "properties": {
        "name": "شادمهر",
        "province": "خراسان رضوی",
        "is_capital": false
      },
      "geometry": {
        "type": "Point",
        "coordinates": [
          59.036677,
          35.171351
        ]
      }
    },
    {
      "type": "Feature",
      "properties": {
        "name": "شاندیز",
        "province": "خراسان رضوی",
        "is_capital": false
      },
      "geometry": {
        "type": "Point",
        "coordinates": [
          59.2985989,
          36.3958867
        ]
      }
    },
    {
      "type": "Feature",
      "properties": {
        "name": "طرقبه",
        "province": "خراسان رضوی",
        "is_capital": false
      },
      "geometry": {
        "type": "Point",
        "coordinates": [
          59.3741338,
          36.3097179
        ]
      }
    },
    {
      "type": "Feature",
      "properties": {
        "name": "فرهادگرد",
        "province": "خراسان رضوی",
        "is_capital": false
      },
      "geometry": {
        "type": "Point",
        "coordinates": [
          59.7345327,
          35.7664697
        ]
      }
    },
    {
      "type": "Feature",
      "properties": {
        "name": "فریمان",
        "province": "خراسان رضوی",
        "is_capital": false
      },
      "geometry": {
        "type": "Point",
        "coordinates": [
          59.8465304,
          35.701215
        ]
      }
    },
    {
      "type": "Feature",
      "properties": {
        "name": "فیروزه",
        "province": "خراسان رضوی",
        "is_capital": false
      },
      "geometry": {
        "type": "Point",
        "coordinates": [
          58.5868002,
          36.2863586
        ]
      }
    },
    {
      "type": "Feature",
      "properties": {
        "name": "فیض‌آباد",
        "province": "خراسان رضوی",
        "is_capital": false
      },
      "geometry": {
        "type": "Point",
        "coordinates": [
          58.777778,
          35.01439
        ]
      }
    },
    {
      "type": "Feature",
      "properties": {
        "name": "قاسم‌آباد",
        "province": "خراسان رضوی",
        "is_capital": false
      },
      "geometry": {
        "type": "Point",
        "coordinates": [
          59.4966158,
          35.675227
        ]
      }
    },
    {
      "type": "Feature",
      "properties": {
        "name": "قدمگاه",
        "province": "خراسان رضوی",
        "is_capital": false
      },
      "geometry": {
        "type": "Point",
        "coordinates": [
          59.0597459,
          36.1063279
        ]
      }
    },
    {
      "type": "Feature",
      "properties": {
        "name": "قلعه نو",
        "province": "خراسان رضوی",
        "is_capital": false
      },
      "geometry": {
        "type": "Point",
        "coordinates": [
          59.9507471,
          36.7973579
        ]
      }
    },
    {
      "type": "Feature",
      "properties": {
        "name": "قوچان",
        "province": "خراسان رضوی",
        "is_capital": false
      },
      "geometry": {
        "type": "Point",
        "coordinates": [
          58.5108056,
          37.105993
        ]
      }
    },
    {
      "type": "Feature",
      "properties": {
        "name": "لطف آباد",
        "province": "خراسان رضوی",
        "is_capital": false
      },
      "geometry": {
        "type": "Point",
        "coordinates": [
          57.600833,
          36.631111
        ]
      }
    },
    {
      "type": "Feature",
      "properties": {
        "name": "مشهد",
        "province": "خراسان رضوی",
        "is_capital": true
      },
      "geometry": {
        "type": "Point",
        "coordinates": [
          59.6059232,
          36.2974945
        ]
      }
    },
    {
      "type": "Feature",
      "properties": {
        "name": "مشهد مقدس",
        "province": "خراسان رضوی",
        "is_capital": false
      },
      "geometry": {
        "type": "Point",
        "coordinates": [
          59.615173,
          36.2599
        ]
      }
    },
    {
      "type": "Feature",
      "properties": {
        "name": "ملک آباد",
        "province": "خراسان رضوی",
        "is_capital": false
      },
      "geometry": {
        "type": "Point",
        "coordinates": [
          59.5910871,
          35.9993296
        ]
      }
    },
    {
      "type": "Feature",
      "properties": {
        "name": "نصرآباد",
        "province": "خراسان رضوی",
        "is_capital": false
      },
      "geometry": {
        "type": "Point",
        "coordinates": [
          59.191188,
          36.6416168
        ]
      }
    },
    {
      "type": "Feature",
      "properties": {
        "name": "نقاب",
        "province": "خراسان رضوی",
        "is_capital": false
      },
      "geometry": {
        "type": "Point",
        "coordinates": [
          57.4086684,
          36.7105093
        ]
      }
    },
    {
      "type": "Feature",
      "properties": {
        "name": "نوخندان",
        "province": "خراسان رضوی",
        "is_capital": false
      },
      "geometry": {
        "type": "Point",
        "coordinates": [
          58.9893154,
          37.5200945
        ]
      }
    },
    {
      "type": "Feature",
      "properties": {
        "name": "نیشابور",
        "province": "خراسان رضوی",
        "is_capital": false
      },
      "geometry": {
        "type": "Point",
        "coordinates": [
          58.7922805,
          36.210595
        ]
      }
    },
    {
      "type": "Feature",
      "properties": {
        "name": "نیل‌شهر",
        "province": "خراسان رضوی",
        "is_capital": false
      },
      "geometry": {
        "type": "Point",
        "coordinates": [
          60.7736351,
          35.1224857
        ]
      }
    },
    {
      "type": "Feature",
      "properties": {
        "name": "همت آباد",
        "province": "خراسان رضوی",
        "is_capital": false
      },
      "geometry": {
        "type": "Point",
        "coordinates": [
          58.4637326,
          36.2976907
        ]
      }
    },
    {
      "type": "Feature",
      "properties": {
        "name": "چاپشلو",
        "province": "خراسان رضوی",
        "is_capital": false
      },
      "geometry": {
        "type": "Point",
        "coordinates": [
          59.0774864,
          37.3514931
        ]
      }
    },
    {
      "type": "Feature",
      "properties": {
        "name": "چناران",
        "province": "خراسان رضوی",
        "is_capital": false
      },
      "geometry": {
        "type": "Point",
        "coordinates": [
          59.1185005,
          36.6483961
        ]
      }
    },
    {
      "type": "Feature",
      "properties": {
        "name": "چکنه",
        "province": "خراسان رضوی",
        "is_capital": false
      },
      "geometry": {
        "type": "Point",
        "coordinates": [
          58.5035404,
          36.8179746
        ]
      }
    },
    {
      "type": "Feature",
      "properties": {
        "name": "کاخک",
        "province": "خراسان رضوی",
        "is_capital": false
      },
      "geometry": {
        "type": "Point",
        "coordinates": [
          58.6392528,
          34.1511878
        ]
      }
    },
    {
      "type": "Feature",
      "properties": {
        "name": "کاریز",
        "province": "خراسان رضوی",
        "is_capital": false
      },
      "geometry": {
        "type": "Point",
        "coordinates": [
          60.8241667,
          34.8127778
        ]
      }
    },
    {
      "type": "Feature",
      "properties": {
        "name": "کاشمر",
        "province": "خراسان رضوی",
        "is_capital": false
      },
      "geometry": {
        "type": "Point",
        "coordinates": [
          58.464248,
          35.2444908
        ]
      }
    },
    {
      "type": "Feature",
      "properties": {
        "name": "کلات",
        "province": "خراسان رضوی",
        "is_capital": false
      },
      "geometry": {
        "type": "Point",
        "coordinates": [
          59.753716,
          36.995338
        ]
      }
    },
    {
      "type": "Feature",
      "properties": {
        "name": "گناباد",
        "province": "خراسان رضوی",
        "is_capital": false
      },
      "geometry": {
        "type": "Point",
        "coordinates": [
          58.6859427,
          34.350302
        ]
      }
    },
    {
      "type": "Feature",
      "properties": {
        "name": "آشخانه",
        "province": "خراسان شمالی",
        "is_capital": false
      },
      "geometry": {
        "type": "Point",
        "coordinates": [
          56.925917,
          37.554102
        ]
      }
    },
    {
      "type": "Feature",
      "properties": {
        "name": "اسفراین",
        "province": "خراسان شمالی",
        "is_capital": false
      },
      "geometry": {
        "type": "Point",
        "coordinates": [
          57.51,
          37.076389
        ]
      }
    },
    {
      "type": "Feature",
      "properties": {
        "name": "بجنورد",
        "province": "خراسان شمالی",
        "is_capital": true
      },
      "geometry": {
        "type": "Point",
        "coordinates": [
          57.333333,
          37.475
        ]
      }
    },
    {
      "type": "Feature",
      "properties": {
        "name": "جاجرم",
        "province": "خراسان شمالی",
        "is_capital": false
      },
      "geometry": {
        "type": "Point",
        "coordinates": [
          56.38,
          36.95
        ]
      }
    },
    {
      "type": "Feature",
      "properties": {
        "name": "حصار گرم‌خان",
        "province": "خراسان شمالی",
        "is_capital": false
      },
      "geometry": {
        "type": "Point",
        "coordinates": [
          57.482686,
          37.519483
        ]
      }
    },
    {
      "type": "Feature",
      "properties": {
        "name": "درق",
        "province": "خراسان شمالی",
        "is_capital": false
      },
      "geometry": {
        "type": "Point",
        "coordinates": [
          56.206334,
          36.970346
        ]
      }
    },
    {
      "type": "Feature",
      "properties": {
        "name": "راز",
        "province": "خراسان شمالی",
        "is_capital": false
      },
      "geometry": {
        "type": "Point",
        "coordinates": [
          57.105989,
          37.935566
        ]
      }
    },
    {
      "type": "Feature",
      "properties": {
        "name": "سنخواست",
        "province": "خراسان شمالی",
        "is_capital": false
      },
      "geometry": {
        "type": "Point",
        "coordinates": [
          56.856952,
          37.100508
        ]
      }
    },
    {
      "type": "Feature",
      "properties": {
        "name": "شعبان",
        "province": "خراسان شمالی",
        "is_capital": false
      },
      "geometry": {
        "type": "Point",
        "coordinates": [
          57.314174,
          37.469905
        ]
      }
    },
    {
      "type": "Feature",
      "properties": {
        "name": "شیروان",
        "province": "خراسان شمالی",
        "is_capital": false
      },
      "geometry": {
        "type": "Point",
        "coordinates": [
          57.9276184,
          37.4092357
        ]
      }
    },
    {
      "type": "Feature",
      "properties": {
        "name": "صفی‌آباد",
        "province": "خراسان شمالی",
        "is_capital": false
      },
      "geometry": {
        "type": "Point",
        "coordinates": [
          57.930179,
          36.693715
        ]
      }
    },
    {
      "type": "Feature",
      "properties": {
        "name": "فاروج",
        "province": "خراسان شمالی",
        "is_capital": false
      },
      "geometry": {
        "type": "Point",
        "coordinates": [
          58.218889,
          37.231111
        ]
      }
    },
    {
      "type": "Feature",
      "properties": {
        "name": "لوجلی",
        "province": "خراسان شمالی",
        "is_capital": false
      },
      "geometry": {
        "type": "Point",
        "coordinates": [
          57.85,
          37.6
        ]
      }
    },
    {
      "type": "Feature",
      "properties": {
        "name": "پیش‌قلعه",
        "province": "خراسان شمالی",
        "is_capital": false
      },
      "geometry": {
        "type": "Point",
        "coordinates": [
          56.993904,
          37.651503
        ]
      }
    },
    {
      "type": "Feature",
      "properties": {
        "name": "گرمه",
        "province": "خراسان شمالی",
        "is_capital": false
      },
      "geometry": {
        "type": "Point",
        "coordinates": [
          56.302761,
          36.998739
        ]
      }
    },
    {
      "type": "Feature",
      "properties": {
        "name": "آبادان",
        "province": "خوزستان",
        "is_capital": false
      },
      "geometry": {
        "type": "Point",
        "coordinates": [
          48.293828,
          30.348326
        ]
      }
    },
    {
      "type": "Feature",
      "properties": {
        "name": "اروندکنار",
        "province": "خوزستان",
        "is_capital": false
      },
      "geometry": {
        "type": "Point",
        "coordinates": [
          48.453658,
          30.06183
        ]
      }
    },
    {
      "type": "Feature",
      "properties": {
        "name": "امیدیه",
        "province": "خوزستان",
        "is_capital": false
      },
      "geometry": {
        "type": "Point",
        "coordinates": [
          49.701483,
          30.760341
        ]
      }
    },
    {
      "type": "Feature",
      "properties": {
        "name": "اندیمشک",
        "province": "خوزستان",
        "is_capital": false
      },
      "geometry": {
        "type": "Point",
        "coordinates": [
          48.359167,
          32.46
        ]
      }
    },
    {
      "type": "Feature",
      "properties": {
        "name": "اندیکا",
        "province": "خوزستان",
        "is_capital": false
      },
      "geometry": {
        "type": "Point",
        "coordinates": [
          49.447781,
          32.206229
        ]
      }
    },
    {
      "type": "Feature",
      "properties": {
        "name": "اهواز",
        "province": "خوزستان",
        "is_capital": true
      },
      "geometry": {
        "type": "Point",
        "coordinates": [
          48.6706187,
          31.3183272
        ]
      }
    },
    {
      "type": "Feature",
      "properties": {
        "name": "ایذه",
        "province": "خوزستان",
        "is_capital": false
      },
      "geometry": {
        "type": "Point",
        "coordinates": [
          49.86969,
          31.823493
        ]
      }
    },
    {
      "type": "Feature",
      "properties": {
        "name": "باغ‌ملک",
        "province": "خوزستان",
        "is_capital": false
      },
      "geometry": {
        "type": "Point",
        "coordinates": [
          49.890161,
          31.525834
        ]
      }
    },
    {
      "type": "Feature",
      "properties": {
        "name": "بستان",
        "province": "خوزستان",
        "is_capital": false
      },
      "geometry": {
        "type": "Point",
        "coordinates": [
          48.002638,
          31.712852
        ]
      }
    },
    {
      "type": "Feature",
      "properties": {
        "name": "بندر امام خمینی ره",
        "province": "خوزستان",
        "is_capital": false
      },
      "geometry": {
        "type": "Point",
        "coordinates": [
          49.072745,
          30.448792
        ]
      }
    },
    {
      "type": "Feature",
      "properties": {
        "name": "بهبهان",
        "province": "خوزستان",
        "is_capital": false
      },
      "geometry": {
        "type": "Point",
        "coordinates": [
          50.235136,
          30.590222
        ]
      }
    },
    {
      "type": "Feature",
      "properties": {
        "name": "حر ریاحی",
        "province": "خوزستان",
        "is_capital": false
      },
      "geometry": {
        "type": "Point",
        "coordinates": [
          48.389196,
          32.143605
        ]
      }
    },
    {
      "type": "Feature",
      "properties": {
        "name": "حمیدیه",
        "province": "خوزستان",
        "is_capital": false
      },
      "geometry": {
        "type": "Point",
        "coordinates": [
          48.433571,
          31.477761
        ]
      }
    },
    {
      "type": "Feature",
      "properties": {
        "name": "خرمشهر",
        "province": "خوزستان",
        "is_capital": false
      },
      "geometry": {
        "type": "Point",
        "coordinates": [
          48.185351,
          30.424768
        ]
      }
    },
    {
      "type": "Feature",
      "properties": {
        "name": "دارخوین",
        "province": "خوزستان",
        "is_capital": false
      },
      "geometry": {
        "type": "Point",
        "coordinates": [
          48.433614,
          30.740025
        ]
      }
    },
    {
      "type": "Feature",
      "properties": {
        "name": "دزفول",
        "province": "خوزستان",
        "is_capital": false
      },
      "geometry": {
        "type": "Point",
        "coordinates": [
          48.4235841,
          32.3830777
        ]
      }
    },
    {
      "type": "Feature",
      "properties": {
        "name": "دشت آزادگان",
        "province": "خوزستان",
        "is_capital": false
      },
      "geometry": {
        "type": "Point",
        "coordinates": [
          48.180436,
          31.557664
        ]
      }
    },
    {
      "type": "Feature",
      "properties": {
        "name": "دهدز",
        "province": "خوزستان",
        "is_capital": false
      },
      "geometry": {
        "type": "Point",
        "coordinates": [
          50.294466,
          31.823493
        ]
      }
    },
    {
      "type": "Feature",
      "properties": {
        "name": "رامشیر",
        "province": "خوزستان",
        "is_capital": false
      },
      "geometry": {
        "type": "Point",
        "coordinates": [
          49.408779,
          30.895778
        ]
      }
    },
    {
      "type": "Feature",
      "properties": {
        "name": "رامهرمز",
        "province": "خوزستان",
        "is_capital": false
      },
      "geometry": {
        "type": "Point",
        "coordinates": [
          49.598809,
          31.277735
        ]
      }
    },
    {
      "type": "Feature",
      "properties": {
        "name": "سوسنگرد",
        "province": "خوزستان",
        "is_capital": false
      },
      "geometry": {
        "type": "Point",
        "coordinates": [
          48.170071,
          31.556703
        ]
      }
    },
    {
      "type": "Feature",
      "properties": {
        "name": "شادگان",
        "province": "خوزستان",
        "is_capital": false
      },
      "geometry": {
        "type": "Point",
        "coordinates": [
          48.654242,
          30.654708
        ]
      }
    },
    {
      "type": "Feature",
      "properties": {
        "name": "شلمچه",
        "province": "خوزستان",
        "is_capital": false
      },
      "geometry": {
        "type": "Point",
        "coordinates": [
          48.027896,
          30.51281
        ]
      }
    },
    {
      "type": "Feature",
      "properties": {
        "name": "شوش",
        "province": "خوزستان",
        "is_capital": false
      },
      "geometry": {
        "type": "Point",
        "coordinates": [
          48.253756,
          32.195658
        ]
      }
    },
    {
      "type": "Feature",
      "properties": {
        "name": "شوشتر",
        "province": "خوزستان",
        "is_capital": false
      },
      "geometry": {
        "type": "Point",
        "coordinates": [
          48.849722,
          32.052085
        ]
      }
    },
    {
      "type": "Feature",
      "properties": {
        "name": "صیدون",
        "province": "خوزستان",
        "is_capital": false
      },
      "geometry": {
        "type": "Point",
        "coordinates": [
          50.075254,
          31.364923
        ]
      }
    },
    {
      "type": "Feature",
      "properties": {
        "name": "قلعه خواجه",
        "province": "خوزستان",
        "is_capital": false
      },
      "geometry": {
        "type": "Point",
        "coordinates": [
          49.446391,
          32.204799
        ]
      }
    },
    {
      "type": "Feature",
      "properties": {
        "name": "لالی",
        "province": "خوزستان",
        "is_capital": false
      },
      "geometry": {
        "type": "Point",
        "coordinates": [
          49.093611,
          32.328889
        ]
      }
    },
    {
      "type": "Feature",
      "properties": {
        "name": "ماهشهر",
        "province": "خوزستان",
        "is_capital": false
      },
      "geometry": {
        "type": "Point",
        "coordinates": [
          49.174323,
          30.561553
        ]
      }
    },
    {
      "type": "Feature",
      "properties": {
        "name": "مسجد سلیمان",
        "province": "خوزستان",
        "is_capital": false
      },
      "geometry": {
        "type": "Point",
        "coordinates": [
          49.303889,
          31.936389
        ]
      }
    },
    {
      "type": "Feature",
      "properties": {
        "name": "ملاثانی",
        "province": "خوزستان",
        "is_capital": false
      },
      "geometry": {
        "type": "Point",
        "coordinates": [
          48.886972,
          31.582792
        ]
      }
    },
    {
      "type": "Feature",
      "properties": {
        "name": "میانرود",
        "province": "خوزستان",
        "is_capital": false
      },
      "geometry": {
        "type": "Point",
        "coordinates": [
          48.44136,
          32.151171
        ]
      }
    },
    {
      "type": "Feature",
      "properties": {
        "name": "مینوشهر",
        "province": "خوزستان",
        "is_capital": false
      },
      "geometry": {
        "type": "Point",
        "coordinates": [
          48.215451,
          30.352953
        ]
      }
    },
    {
      "type": "Feature",
      "properties": {
        "name": "هفتگل",
        "province": "خوزستان",
        "is_capital": false
      },
      "geometry": {
        "type": "Point",
        "coordinates": [
          49.159817,
          30.707295
        ]
      }
    },
    {
      "type": "Feature",
      "properties": {
        "name": "هندیجان",
        "province": "خوزستان",
        "is_capital": false
      },
      "geometry": {
        "type": "Point",
        "coordinates": [
          49.705968,
          30.238341
        ]
      }
    },
    {
      "type": "Feature",
      "properties": {
        "name": "هویزه",
        "province": "خوزستان",
        "is_capital": false
      },
      "geometry": {
        "type": "Point",
        "coordinates": [
          48.075335,
          31.467596
        ]
      }
    },
    {
      "type": "Feature",
      "properties": {
        "name": "چذابه",
        "province": "خوزستان",
        "is_capital": false
      },
      "geometry": {
        "type": "Point",
        "coordinates": [
          47.802,
          31.854645
        ]
      }
    },
    {
      "type": "Feature",
      "properties": {
        "name": "چمران",
        "province": "خوزستان",
        "is_capital": false
      },
      "geometry": {
        "type": "Point",
        "coordinates": [
          49.159817,
          30.707295
        ]
      }
    },
    {
      "type": "Feature",
      "properties": {
        "name": "کوت عبدالله",
        "province": "خوزستان",
        "is_capital": false
      },
      "geometry": {
        "type": "Point",
        "coordinates": [
          48.65613,
          31.236946
        ]
      }
    },
    {
      "type": "Feature",
      "properties": {
        "name": "گتوند",
        "province": "خوزستان",
        "is_capital": false
      },
      "geometry": {
        "type": "Point",
        "coordinates": [
          48.809252,
          32.243753
        ]
      }
    },
    {
      "type": "Feature",
      "properties": {
        "name": "آب‌بر",
        "province": "زنجان",
        "is_capital": false
      },
      "geometry": {
        "type": "Point",
        "coordinates": [
          48.953276,
          36.9258587
        ]
      }
    },
    {
      "type": "Feature",
      "properties": {
        "name": "ابهر",
        "province": "زنجان",
        "is_capital": false
      },
      "geometry": {
        "type": "Point",
        "coordinates": [
          49.237698,
          36.151988
        ]
      }
    },
    {
      "type": "Feature",
      "properties": {
        "name": "ارمغان‌خانه",
        "province": "زنجان",
        "is_capital": false
      },
      "geometry": {
        "type": "Point",
        "coordinates": [
          48.369627,
          36.9759
        ]
      }
    },
    {
      "type": "Feature",
      "properties": {
        "name": "حلب",
        "province": "زنجان",
        "is_capital": false
      },
      "geometry": {
        "type": "Point",
        "coordinates": [
          48.0597202,
          36.2955098
        ]
      }
    },
    {
      "type": "Feature",
      "properties": {
        "name": "خرمدره",
        "province": "زنجان",
        "is_capital": false
      },
      "geometry": {
        "type": "Point",
        "coordinates": [
          49.1881871,
          36.20354
        ]
      }
    },
    {
      "type": "Feature",
      "properties": {
        "name": "دندی",
        "province": "زنجان",
        "is_capital": false
      },
      "geometry": {
        "type": "Point",
        "coordinates": [
          47.6207573,
          36.5541697
        ]
      }
    },
    {
      "type": "Feature",
      "properties": {
        "name": "زرین آباد",
        "province": "زنجان",
        "is_capital": false
      },
      "geometry": {
        "type": "Point",
        "coordinates": [
          48.2816192,
          36.4284545
        ]
      }
    },
    {
      "type": "Feature",
      "properties": {
        "name": "زنجان",
        "province": "زنجان",
        "is_capital": true
      },
      "geometry": {
        "type": "Point",
        "coordinates": [
          48.509018,
          36.682652
        ]
      }
    },
    {
      "type": "Feature",
      "properties": {
        "name": "سجاس",
        "province": "زنجان",
        "is_capital": false
      },
      "geometry": {
        "type": "Point",
        "coordinates": [
          48.5530842,
          36.2402834
        ]
      }
    },
    {
      "type": "Feature",
      "properties": {
        "name": "سلطانیه",
        "province": "زنجان",
        "is_capital": false
      },
      "geometry": {
        "type": "Point",
        "coordinates": [
          48.7940806,
          36.4345194
        ]
      }
    },
    {
      "type": "Feature",
      "properties": {
        "name": "سهرورد",
        "province": "زنجان",
        "is_capital": false
      },
      "geometry": {
        "type": "Point",
        "coordinates": [
          48.4423918,
          36.0705985
        ]
      }
    },
    {
      "type": "Feature",
      "properties": {
        "name": "صایین قلعه",
        "province": "زنجان",
        "is_capital": false
      },
      "geometry": {
        "type": "Point",
        "coordinates": [
          49.073464,
          36.302667
        ]
      }
    },
    {
      "type": "Feature",
      "properties": {
        "name": "قیدار",
        "province": "زنجان",
        "is_capital": false
      },
      "geometry": {
        "type": "Point",
        "coordinates": [
          48.595362,
          36.119876
        ]
      }
    },
    {
      "type": "Feature",
      "properties": {
        "name": "ماه‌نشان",
        "province": "زنجان",
        "is_capital": false
      },
      "geometry": {
        "type": "Point",
        "coordinates": [
          47.6716751,
          36.7456508
        ]
      }
    },
    {
      "type": "Feature",
      "properties": {
        "name": "هیدج",
        "province": "زنجان",
        "is_capital": false
      },
      "geometry": {
        "type": "Point",
        "coordinates": [
          49.1302561,
          36.2520936
        ]
      }
    },
    {
      "type": "Feature",
      "properties": {
        "name": "آرادان",
        "province": "سمنان",
        "is_capital": false
      },
      "geometry": {
        "type": "Point",
        "coordinates": [
          52.4928417,
          35.2478246
        ]
      }
    },
    {
      "type": "Feature",
      "properties": {
        "name": "ایوانکی",
        "province": "سمنان",
        "is_capital": false
      },
      "geometry": {
        "type": "Point",
        "coordinates": [
          52.069887,
          35.3439147
        ]
      }
    },
    {
      "type": "Feature",
      "properties": {
        "name": "بسطام",
        "province": "سمنان",
        "is_capital": false
      },
      "geometry": {
        "type": "Point",
        "coordinates": [
          55.0010717,
          36.4827556
        ]
      }
    },
    {
      "type": "Feature",
      "properties": {
        "name": "بیارجمند",
        "province": "سمنان",
        "is_capital": false
      },
      "geometry": {
        "type": "Point",
        "coordinates": [
          55.8098841,
          36.0790243
        ]
      }
    },
    {
      "type": "Feature",
      "properties": {
        "name": "دامغان",
        "province": "سمنان",
        "is_capital": false
      },
      "geometry": {
        "type": "Point",
        "coordinates": [
          54.3379993,
          36.167451
        ]
      }
    },
    {
      "type": "Feature",
      "properties": {
        "name": "درجزین",
        "province": "سمنان",
        "is_capital": false
      },
      "geometry": {
        "type": "Point",
        "coordinates": [
          53.3379876,
          35.6539439
        ]
      }
    },
    {
      "type": "Feature",
      "properties": {
        "name": "سرخه",
        "province": "سمنان",
        "is_capital": false
      },
      "geometry": {
        "type": "Point",
        "coordinates": [
          53.2135038,
          35.4638851
        ]
      }
    },
    {
      "type": "Feature",
      "properties": {
        "name": "سمنان",
        "province": "سمنان",
        "is_capital": true
      },
      "geometry": {
        "type": "Point",
        "coordinates": [
          53.3882906,
          35.5834074
        ]
      }
    },
    {
      "type": "Feature",
      "properties": {
        "name": "شاهرود",
        "province": "سمنان",
        "is_capital": false
      },
      "geometry": {
        "type": "Point",
        "coordinates": [
          54.9649915,
          36.4195026
        ]
      }
    },
    {
      "type": "Feature",
      "properties": {
        "name": "شهمیرزاد",
        "province": "سمنان",
        "is_capital": false
      },
      "geometry": {
        "type": "Point",
        "coordinates": [
          53.3279767,
          35.7735069
        ]
      }
    },
    {
      "type": "Feature",
      "properties": {
        "name": "فرومد (فریومد)",
        "province": "سمنان",
        "is_capital": false
      },
      "geometry": {
        "type": "Point",
        "coordinates": [
          56.752983,
          36.510898
        ]
      }
    },
    {
      "type": "Feature",
      "properties": {
        "name": "مجن",
        "province": "سمنان",
        "is_capital": false
      },
      "geometry": {
        "type": "Point",
        "coordinates": [
          54.6483772,
          36.4796519
        ]
      }
    },
    {
      "type": "Feature",
      "properties": {
        "name": "مهدی‌شهر",
        "province": "سمنان",
        "is_capital": false
      },
      "geometry": {
        "type": "Point",
        "coordinates": [
          53.3555769,
          35.7108029
        ]
      }
    },
    {
      "type": "Feature",
      "properties": {
        "name": "میامی",
        "province": "سمنان",
        "is_capital": false
      },
      "geometry": {
        "type": "Point",
        "coordinates": [
          55.649778,
          36.412914
        ]
      }
    },
    {
      "type": "Feature",
      "properties": {
        "name": "کلاته خیج",
        "province": "سمنان",
        "is_capital": false
      },
      "geometry": {
        "type": "Point",
        "coordinates": [
          55.299747,
          36.674407
        ]
      }
    },
    {
      "type": "Feature",
      "properties": {
        "name": "گرمسار",
        "province": "سمنان",
        "is_capital": false
      },
      "geometry": {
        "type": "Point",
        "coordinates": [
          52.3383855,
          35.2222875
        ]
      }
    },
    {
      "type": "Feature",
      "properties": {
        "name": "ادیمی",
        "province": "سیستان و بلوچستان",
        "is_capital": false
      },
      "geometry": {
        "type": "Point",
        "coordinates": [
          61.4082693,
          31.1159553
        ]
      }
    },
    {
      "type": "Feature",
      "properties": {
        "name": "اسپکه",
        "province": "سیستان و بلوچستان",
        "is_capital": false
      },
      "geometry": {
        "type": "Point",
        "coordinates": [
          60.173321,
          26.834773
        ]
      }
    },
    {
      "type": "Feature",
      "properties": {
        "name": "ایرانشهر",
        "province": "سیستان و بلوچستان",
        "is_capital": false
      },
      "geometry": {
        "type": "Point",
        "coordinates": [
          60.6882515,
          27.2069903
        ]
      }
    },
    {
      "type": "Feature",
      "properties": {
        "name": "بزمان",
        "province": "سیستان و بلوچستان",
        "is_capital": false
      },
      "geometry": {
        "type": "Point",
        "coordinates": [
          60.1736164,
          27.850547
        ]
      }
    },
    {
      "type": "Feature",
      "properties": {
        "name": "بمپور",
        "province": "سیستان و بلوچستان",
        "is_capital": false
      },
      "geometry": {
        "type": "Point",
        "coordinates": [
          60.4554816,
          27.1941781
        ]
      }
    },
    {
      "type": "Feature",
      "properties": {
        "name": "بنت",
        "province": "سیستان و بلوچستان",
        "is_capital": false
      },
      "geometry": {
        "type": "Point",
        "coordinates": [
          59.5237216,
          26.290834
        ]
      }
    },
    {
      "type": "Feature",
      "properties": {
        "name": "بنجار",
        "province": "سیستان و بلوچستان",
        "is_capital": false
      },
      "geometry": {
        "type": "Point",
        "coordinates": [
          61.5682749,
          31.0428989
        ]
      }
    },
    {
      "type": "Feature",
      "properties": {
        "name": "جالق",
        "province": "سیستان و بلوچستان",
        "is_capital": false
      },
      "geometry": {
        "type": "Point",
        "coordinates": [
          62.7097131,
          27.6033419
        ]
      }
    },
    {
      "type": "Feature",
      "properties": {
        "name": "خاش",
        "province": "سیستان و بلوچستان",
        "is_capital": false
      },
      "geometry": {
        "type": "Point",
        "coordinates": [
          61.2137052,
          28.2203911
        ]
      }
    },
    {
      "type": "Feature",
      "properties": {
        "name": "دلگان",
        "province": "سیستان و بلوچستان",
        "is_capital": false
      },
      "geometry": {
        "type": "Point",
        "coordinates": [
          61.2451589,
          25.4838513
        ]
      }
    },
    {
      "type": "Feature",
      "properties": {
        "name": "دوست‌محمد",
        "province": "سیستان و بلوچستان",
        "is_capital": false
      },
      "geometry": {
        "type": "Point",
        "coordinates": [
          61.7909563,
          31.1427915
        ]
      }
    },
    {
      "type": "Feature",
      "properties": {
        "name": "راسک",
        "province": "سیستان و بلوچستان",
        "is_capital": false
      },
      "geometry": {
        "type": "Point",
        "coordinates": [
          61.3987716,
          26.2368044
        ]
      }
    },
    {
      "type": "Feature",
      "properties": {
        "name": "ریمدان",
        "province": "سیستان و بلوچستان",
        "is_capital": false
      },
      "geometry": {
        "type": "Point",
        "coordinates": [
          61.449737,
          25.408223
        ]
      }
    },
    {
      "type": "Feature",
      "properties": {
        "name": "زابل",
        "province": "سیستان و بلوچستان",
        "is_capital": false
      },
      "geometry": {
        "type": "Point",
        "coordinates": [
          61.501111,
          31.028611
        ]
      }
    },
    {
      "type": "Feature",
      "properties": {
        "name": "زابلی",
        "province": "سیستان و بلوچستان",
        "is_capital": false
      },
      "geometry": {
        "type": "Point",
        "coordinates": [
          61.6746528,
          27.1310393
        ]
      }
    },
    {
      "type": "Feature",
      "properties": {
        "name": "زاهدان",
        "province": "سیستان و بلوچستان",
        "is_capital": true
      },
      "geometry": {
        "type": "Point",
        "coordinates": [
          61.6805203,
          30.9641959
        ]
      }
    },
    {
      "type": "Feature",
      "properties": {
        "name": "زهک",
        "province": "سیستان و بلوچستان",
        "is_capital": false
      },
      "geometry": {
        "type": "Point",
        "coordinates": [
          61.6827311,
          30.8932189
        ]
      }
    },
    {
      "type": "Feature",
      "properties": {
        "name": "سراوان",
        "province": "سیستان و بلوچستان",
        "is_capital": false
      },
      "geometry": {
        "type": "Point",
        "coordinates": [
          62.3390963,
          27.3651673
        ]
      }
    },
    {
      "type": "Feature",
      "properties": {
        "name": "سرباز",
        "province": "سیستان و بلوچستان",
        "is_capital": false
      },
      "geometry": {
        "type": "Point",
        "coordinates": [
          61.2570288,
          26.6321167
        ]
      }
    },
    {
      "type": "Feature",
      "properties": {
        "name": "سوران",
        "province": "سیستان و بلوچستان",
        "is_capital": false
      },
      "geometry": {
        "type": "Point",
        "coordinates": [
          61.9997051,
          27.2871579
        ]
      }
    },
    {
      "type": "Feature",
      "properties": {
        "name": "فنوج",
        "province": "سیستان و بلوچستان",
        "is_capital": false
      },
      "geometry": {
        "type": "Point",
        "coordinates": [
          59.6398773,
          26.575768
        ]
      }
    },
    {
      "type": "Feature",
      "properties": {
        "name": "قصرقند",
        "province": "سیستان و بلوچستان",
        "is_capital": false
      },
      "geometry": {
        "type": "Point",
        "coordinates": [
          60.7419235,
          26.2394578
        ]
      }
    },
    {
      "type": "Feature",
      "properties": {
        "name": "محمدآباد",
        "province": "سیستان و بلوچستان",
        "is_capital": false
      },
      "geometry": {
        "type": "Point",
        "coordinates": [
          61.463721,
          30.886775
        ]
      }
    },
    {
      "type": "Feature",
      "properties": {
        "name": "مرز میلک",
        "province": "سیستان و بلوچستان",
        "is_capital": false
      },
      "geometry": {
        "type": "Point",
        "coordinates": [
          61.810601,
          30.971159
        ]
      }
    },
    {
      "type": "Feature",
      "properties": {
        "name": "مرز کوهک",
        "province": "سیستان و بلوچستان",
        "is_capital": false
      },
      "geometry": {
        "type": "Point",
        "coordinates": [
          63.247844,
          27.135739
        ]
      }
    },
    {
      "type": "Feature",
      "properties": {
        "name": "میرجاوه",
        "province": "سیستان و بلوچستان",
        "is_capital": false
      },
      "geometry": {
        "type": "Point",
        "coordinates": [
          61.4540744,
          29.0149246
        ]
      }
    },
    {
      "type": "Feature",
      "properties": {
        "name": "نصرت‌آباد",
        "province": "سیستان و بلوچستان",
        "is_capital": false
      },
      "geometry": {
        "type": "Point",
        "coordinates": [
          59.9802973,
          29.8589189
        ]
      }
    },
    {
      "type": "Feature",
      "properties": {
        "name": "نوک‌آباد",
        "province": "سیستان و بلوچستان",
        "is_capital": false
      },
      "geometry": {
        "type": "Point",
        "coordinates": [
          60.7597704,
          28.5400131
        ]
      }
    },
    {
      "type": "Feature",
      "properties": {
        "name": "نگور",
        "province": "سیستان و بلوچستان",
        "is_capital": false
      },
      "geometry": {
        "type": "Point",
        "coordinates": [
          61.1390842,
          25.3889117
        ]
      }
    },
    {
      "type": "Feature",
      "properties": {
        "name": "نیک‌شهر",
        "province": "سیستان و بلوچستان",
        "is_capital": false
      },
      "geometry": {
        "type": "Point",
        "coordinates": [
          60.2161966,
          26.2259692
        ]
      }
    },
    {
      "type": "Feature",
      "properties": {
        "name": "پیشین",
        "province": "سیستان و بلوچستان",
        "is_capital": false
      },
      "geometry": {
        "type": "Point",
        "coordinates": [
          61.730676,
          26.076303
        ]
      }
    },
    {
      "type": "Feature",
      "properties": {
        "name": "چابهار",
        "province": "سیستان و بلوچستان",
        "is_capital": false
      },
      "geometry": {
        "type": "Point",
        "coordinates": [
          60.6469115,
          25.2935488
        ]
      }
    },
    {
      "type": "Feature",
      "properties": {
        "name": "کنارک",
        "province": "سیستان و بلوچستان",
        "is_capital": false
      },
      "geometry": {
        "type": "Point",
        "coordinates": [
          60.374425,
          25.40371
        ]
      }
    },
    {
      "type": "Feature",
      "properties": {
        "name": "گلمورتی",
        "province": "سیستان و بلوچستان",
        "is_capital": false
      },
      "geometry": {
        "type": "Point",
        "coordinates": [
          59.4483063,
          27.4809916
        ]
      }
    },
    {
      "type": "Feature",
      "properties": {
        "name": "آباده",
        "province": "فارس",
        "is_capital": false
      },
      "geometry": {
        "type": "Point",
        "coordinates": [
          52.6490454,
          31.1627056
        ]
      }
    },
    {
      "type": "Feature",
      "properties": {
        "name": "اردکان(فارس)",
        "province": "فارس",
        "is_capital": false
      },
      "geometry": {
        "type": "Point",
        "coordinates": [
          51.9924185,
          30.2425282
        ]
      }
    },
    {
      "type": "Feature",
      "properties": {
        "name": "ارسنجان",
        "province": "فارس",
        "is_capital": false
      },
      "geometry": {
        "type": "Point",
        "coordinates": [
          53.3089761,
          29.914968
        ]
      }
    },
    {
      "type": "Feature",
      "properties": {
        "name": "استهبان",
        "province": "فارس",
        "is_capital": false
      },
      "geometry": {
        "type": "Point",
        "coordinates": [
          54.0405113,
          29.1252321
        ]
      }
    },
    {
      "type": "Feature",
      "properties": {
        "name": "اشکنان",
        "province": "فارس",
        "is_capital": false
      },
      "geometry": {
        "type": "Point",
        "coordinates": [
          53.6163045,
          27.2218581
        ]
      }
    },
    {
      "type": "Feature",
      "properties": {
        "name": "اقلید",
        "province": "فارس",
        "is_capital": false
      },
      "geometry": {
        "type": "Point",
        "coordinates": [
          52.688496,
          30.8925778
        ]
      }
    },
    {
      "type": "Feature",
      "properties": {
        "name": "اَهِل",
        "province": "فارس",
        "is_capital": false
      },
      "geometry": {
        "type": "Point",
        "coordinates": [
          53.664157,
          27.212769
        ]
      }
    },
    {
      "type": "Feature",
      "properties": {
        "name": "اِوَز",
        "province": "فارس",
        "is_capital": false
      },
      "geometry": {
        "type": "Point",
        "coordinates": [
          54.005998,
          27.762588
        ]
      }
    },
    {
      "type": "Feature",
      "properties": {
        "name": "ایزدخواست",
        "province": "فارس",
        "is_capital": false
      },
      "geometry": {
        "type": "Point",
        "coordinates": [
          52.1247911,
          31.5158438
        ]
      }
    },
    {
      "type": "Feature",
      "properties": {
        "name": "باب انار",
        "province": "فارس",
        "is_capital": false
      },
      "geometry": {
        "type": "Point",
        "coordinates": [
          53.2168427,
          28.9621588
        ]
      }
    },
    {
      "type": "Feature",
      "properties": {
        "name": "بالاده",
        "province": "فارس",
        "is_capital": false
      },
      "geometry": {
        "type": "Point",
        "coordinates": [
          51.9394109,
          29.2869221
        ]
      }
    },
    {
      "type": "Feature",
      "properties": {
        "name": "بنارویه",
        "province": "فارس",
        "is_capital": false
      },
      "geometry": {
        "type": "Point",
        "coordinates": [
          54.0467988,
          28.0832919
        ]
      }
    },
    {
      "type": "Feature",
      "properties": {
        "name": "بهمن",
        "province": "فارس",
        "is_capital": false
      },
      "geometry": {
        "type": "Point",
        "coordinates": [
          52.486238,
          31.192208
        ]
      }
    },
    {
      "type": "Feature",
      "properties": {
        "name": "بوانات",
        "province": "فارس",
        "is_capital": false
      },
      "geometry": {
        "type": "Point",
        "coordinates": [
          53.6003784,
          30.4828728
        ]
      }
    },
    {
      "type": "Feature",
      "properties": {
        "name": "بیرم",
        "province": "فارس",
        "is_capital": false
      },
      "geometry": {
        "type": "Point",
        "coordinates": [
          53.5141478,
          27.4298807
        ]
      }
    },
    {
      "type": "Feature",
      "properties": {
        "name": "جنت‌شهر",
        "province": "فارس",
        "is_capital": false
      },
      "geometry": {
        "type": "Point",
        "coordinates": [
          54.6837567,
          28.6548665
        ]
      }
    },
    {
      "type": "Feature",
      "properties": {
        "name": "جهرم",
        "province": "فارس",
        "is_capital": false
      },
      "geometry": {
        "type": "Point",
        "coordinates": [
          53.5593366,
          28.4961762
        ]
      }
    },
    {
      "type": "Feature",
      "properties": {
        "name": "حاجی آباد",
        "province": "فارس",
        "is_capital": false
      },
      "geometry": {
        "type": "Point",
        "coordinates": [
          54.415108,
          28.36028
        ]
      }
    },
    {
      "type": "Feature",
      "properties": {
        "name": "خاوران",
        "province": "فارس",
        "is_capital": false
      },
      "geometry": {
        "type": "Point",
        "coordinates": [
          53.3147706,
          28.937829
        ]
      }
    },
    {
      "type": "Feature",
      "properties": {
        "name": "خرامه",
        "province": "فارس",
        "is_capital": false
      },
      "geometry": {
        "type": "Point",
        "coordinates": [
          53.3122486,
          29.498294
        ]
      }
    },
    {
      "type": "Feature",
      "properties": {
        "name": "خشت",
        "province": "فارس",
        "is_capital": false
      },
      "geometry": {
        "type": "Point",
        "coordinates": [
          51.3395311,
          29.5679441
        ]
      }
    },
    {
      "type": "Feature",
      "properties": {
        "name": "خنج",
        "province": "فارس",
        "is_capital": false
      },
      "geometry": {
        "type": "Point",
        "coordinates": [
          53.4367822,
          27.8899259
        ]
      }
    },
    {
      "type": "Feature",
      "properties": {
        "name": "خور",
        "province": "فارس",
        "is_capital": false
      },
      "geometry": {
        "type": "Point",
        "coordinates": [
          54.3422031,
          27.6399501
        ]
      }
    },
    {
      "type": "Feature",
      "properties": {
        "name": "خومه‌زار",
        "province": "فارس",
        "is_capital": false
      },
      "geometry": {
        "type": "Point",
        "coordinates": [
          51.5737978,
          30.0090201
        ]
      }
    },
    {
      "type": "Feature",
      "properties": {
        "name": "داراب",
        "province": "فارس",
        "is_capital": false
      },
      "geometry": {
        "type": "Point",
        "coordinates": [
          54.548149,
          28.753194
        ]
      }
    },
    {
      "type": "Feature",
      "properties": {
        "name": "دبیران",
        "province": "فارس",
        "is_capital": false
      },
      "geometry": {
        "type": "Point",
        "coordinates": [
          54.1884143,
          28.4064149
        ]
      }
    },
    {
      "type": "Feature",
      "properties": {
        "name": "دهنو",
        "province": "فارس",
        "is_capital": false
      },
      "geometry": {
        "type": "Point",
        "coordinates": [
          53.1822693,
          29.2191311
        ]
      }
    },
    {
      "type": "Feature",
      "properties": {
        "name": "رستم",
        "province": "فارس",
        "is_capital": false
      },
      "geometry": {
        "type": "Point",
        "coordinates": [
          51.540769,
          29.749727
        ]
      }
    },
    {
      "type": "Feature",
      "properties": {
        "name": "زرقان",
        "province": "فارس",
        "is_capital": false
      },
      "geometry": {
        "type": "Point",
        "coordinates": [
          52.7185108,
          29.7788503
        ]
      }
    },
    {
      "type": "Feature",
      "properties": {
        "name": "زرین دشت",
        "province": "فارس",
        "is_capital": false
      },
      "geometry": {
        "type": "Point",
        "coordinates": [
          54.417138,
          28.354451
        ]
      }
    },
    {
      "type": "Feature",
      "properties": {
        "name": "سروستان",
        "province": "فارس",
        "is_capital": false
      },
      "geometry": {
        "type": "Point",
        "coordinates": [
          53.220278,
          29.273611
        ]
      }
    },
    {
      "type": "Feature",
      "properties": {
        "name": "سعادت شهر",
        "province": "فارس",
        "is_capital": false
      },
      "geometry": {
        "type": "Point",
        "coordinates": [
          53.1358118,
          30.0797928
        ]
      }
    },
    {
      "type": "Feature",
      "properties": {
        "name": "سورمق",
        "province": "فارس",
        "is_capital": false
      },
      "geometry": {
        "type": "Point",
        "coordinates": [
          52.8397513,
          31.0338723
        ]
      }
    },
    {
      "type": "Feature",
      "properties": {
        "name": "سوریان",
        "province": "فارس",
        "is_capital": false
      },
      "geometry": {
        "type": "Point",
        "coordinates": [
          53.6503459682006,
          30.455501
        ]
      }
    },
    {
      "type": "Feature",
      "properties": {
        "name": "سپیدان",
        "province": "فارس",
        "is_capital": false
      },
      "geometry": {
        "type": "Point",
        "coordinates": [
          51.9836519,
          30.2623521
        ]
      }
    },
    {
      "type": "Feature",
      "properties": {
        "name": "ششده",
        "province": "فارس",
        "is_capital": false
      },
      "geometry": {
        "type": "Point",
        "coordinates": [
          54.051518,
          28.92761
        ]
      }
    },
    {
      "type": "Feature",
      "properties": {
        "name": "شهر خنج",
        "province": "فارس",
        "is_capital": false
      },
      "geometry": {
        "type": "Point",
        "coordinates": [
          53.434444,
          27.891389
        ]
      }
    },
    {
      "type": "Feature",
      "properties": {
        "name": "شهر پیر",
        "province": "فارس",
        "is_capital": false
      },
      "geometry": {
        "type": "Point",
        "coordinates": [
          54.3351822,
          28.3116705
        ]
      }
    },
    {
      "type": "Feature",
      "properties": {
        "name": "شیراز",
        "province": "فارس",
        "is_capital": true
      },
      "geometry": {
        "type": "Point",
        "coordinates": [
          52.5378041,
          29.6060218
        ]
      }
    },
    {
      "type": "Feature",
      "properties": {
        "name": "صغاد",
        "province": "فارس",
        "is_capital": false
      },
      "geometry": {
        "type": "Point",
        "coordinates": [
          52.5155699,
          31.1915603
        ]
      }
    },
    {
      "type": "Feature",
      "properties": {
        "name": "صفاشهر",
        "province": "فارس",
        "is_capital": false
      },
      "geometry": {
        "type": "Point",
        "coordinates": [
          53.1952146,
          30.6120886
        ]
      }
    },
    {
      "type": "Feature",
      "properties": {
        "name": "علامرودشت",
        "province": "فارس",
        "is_capital": false
      },
      "geometry": {
        "type": "Point",
        "coordinates": [
          52.9976097,
          27.6248362
        ]
      }
    },
    {
      "type": "Feature",
      "properties": {
        "name": "فراشبند",
        "province": "فارس",
        "is_capital": false
      },
      "geometry": {
        "type": "Point",
        "coordinates": [
          52.0946443,
          28.8553783
        ]
      }
    },
    {
      "type": "Feature",
      "properties": {
        "name": "فسا",
        "province": "فارس",
        "is_capital": false
      },
      "geometry": {
        "type": "Point",
        "coordinates": [
          53.6510677,
          28.9366395
        ]
      }
    },
    {
      "type": "Feature",
      "properties": {
        "name": "فیروزآباد",
        "province": "فارس",
        "is_capital": false
      },
      "geometry": {
        "type": "Point",
        "coordinates": [
          52.5727236,
          28.845604
        ]
      }
    },
    {
      "type": "Feature",
      "properties": {
        "name": "قائمیه",
        "province": "فارس",
        "is_capital": false
      },
      "geometry": {
        "type": "Point",
        "coordinates": [
          51.5819119,
          29.8510025
        ]
      }
    },
    {
      "type": "Feature",
      "properties": {
        "name": "قادرآباد",
        "province": "فارس",
        "is_capital": false
      },
      "geometry": {
        "type": "Point",
        "coordinates": [
          53.2686602,
          30.2742465
        ]
      }
    },
    {
      "type": "Feature",
      "properties": {
        "name": "قطب‌آباد",
        "province": "فارس",
        "is_capital": false
      },
      "geometry": {
        "type": "Point",
        "coordinates": [
          53.6378046,
          28.6393017
        ]
      }
    },
    {
      "type": "Feature",
      "properties": {
        "name": "قیر",
        "province": "فارس",
        "is_capital": false
      },
      "geometry": {
        "type": "Point",
        "coordinates": [
          53.0357558,
          28.482802
        ]
      }
    },
    {
      "type": "Feature",
      "properties": {
        "name": "لار",
        "province": "فارس",
        "is_capital": false
      },
      "geometry": {
        "type": "Point",
        "coordinates": [
          54.3229561,
          27.6619203
        ]
      }
    },
    {
      "type": "Feature",
      "properties": {
        "name": "لامرد",
        "province": "فارس",
        "is_capital": false
      },
      "geometry": {
        "type": "Point",
        "coordinates": [
          53.1816105,
          27.333426
        ]
      }
    },
    {
      "type": "Feature",
      "properties": {
        "name": "مرودشت",
        "province": "فارس",
        "is_capital": false
      },
      "geometry": {
        "type": "Point",
        "coordinates": [
          52.8062895,
          29.8762905
        ]
      }
    },
    {
      "type": "Feature",
      "properties": {
        "name": "مرکزی گراش",
        "province": "فارس",
        "is_capital": false
      },
      "geometry": {
        "type": "Point",
        "coordinates": [
          54.141011,
          27.668032
        ]
      }
    },
    {
      "type": "Feature",
      "properties": {
        "name": "مُهر",
        "province": "فارس",
        "is_capital": false
      },
      "geometry": {
        "type": "Point",
        "coordinates": [
          52.858868,
          27.51961
        ]
      }
    },
    {
      "type": "Feature",
      "properties": {
        "name": "میمند",
        "province": "فارس",
        "is_capital": false
      },
      "geometry": {
        "type": "Point",
        "coordinates": [
          52.7485571,
          28.8664357
        ]
      }
    },
    {
      "type": "Feature",
      "properties": {
        "name": "نودان",
        "province": "فارس",
        "is_capital": false
      },
      "geometry": {
        "type": "Point",
        "coordinates": [
          51.6935995,
          29.8019495
        ]
      }
    },
    {
      "type": "Feature",
      "properties": {
        "name": "نورآباد",
        "province": "فارس",
        "is_capital": false
      },
      "geometry": {
        "type": "Point",
        "coordinates": [
          51.5229633,
          30.1154071
        ]
      }
    },
    {
      "type": "Feature",
      "properties": {
        "name": "نورآباد ممسنی",
        "province": "فارس",
        "is_capital": false
      },
      "geometry": {
        "type": "Point",
        "coordinates": [
          51.5229633,
          30.1154071
        ]
      }
    },
    {
      "type": "Feature",
      "properties": {
        "name": "نی‌ریز",
        "province": "فارس",
        "is_capital": false
      },
      "geometry": {
        "type": "Point",
        "coordinates": [
          54.3267782,
          29.1972504
        ]
      }
    },
    {
      "type": "Feature",
      "properties": {
        "name": "وراوی",
        "province": "فارس",
        "is_capital": false
      },
      "geometry": {
        "type": "Point",
        "coordinates": [
          53.0501495,
          27.4668628
        ]
      }
    },
    {
      "type": "Feature",
      "properties": {
        "name": "کازرون",
        "province": "فارس",
        "is_capital": false
      },
      "geometry": {
        "type": "Point",
        "coordinates": [
          51.6520826,
          29.6203251
        ]
      }
    },
    {
      "type": "Feature",
      "properties": {
        "name": "کامفیروز",
        "province": "فارس",
        "is_capital": false
      },
      "geometry": {
        "type": "Point",
        "coordinates": [
          52.1932593,
          30.3222845
        ]
      }
    },
    {
      "type": "Feature",
      "properties": {
        "name": "کنارتخته",
        "province": "فارس",
        "is_capital": false
      },
      "geometry": {
        "type": "Point",
        "coordinates": [
          51.3960796,
          29.5327812
        ]
      }
    },
    {
      "type": "Feature",
      "properties": {
        "name": "کوهنجان",
        "province": "فارس",
        "is_capital": false
      },
      "geometry": {
        "type": "Point",
        "coordinates": [
          52.955278,
          29.230833
        ]
      }
    },
    {
      "type": "Feature",
      "properties": {
        "name": "کَوار",
        "province": "فارس",
        "is_capital": false
      },
      "geometry": {
        "type": "Point",
        "coordinates": [
          52.683049,
          29.207177
        ]
      }
    },
    {
      "type": "Feature",
      "properties": {
        "name": "گراش",
        "province": "فارس",
        "is_capital": false
      },
      "geometry": {
        "type": "Point",
        "coordinates": [
          54.1378384,
          27.6701538
        ]
      }
    },
    {
      "type": "Feature",
      "properties": {
        "name": "گله‌دار",
        "province": "فارس",
        "is_capital": false
      },
      "geometry": {
        "type": "Point",
        "coordinates": [
          53.3927669,
          30.3553658
        ]
      }
    },
    {
      "type": "Feature",
      "properties": {
        "name": "آبگرم",
        "province": "قزوین",
        "is_capital": false
      },
      "geometry": {
        "type": "Point",
        "coordinates": [
          49.2849077,
          35.7572894
        ]
      }
    },
    {
      "type": "Feature",
      "properties": {
        "name": "آبیک",
        "province": "قزوین",
        "is_capital": false
      },
      "geometry": {
        "type": "Point",
        "coordinates": [
          50.5320519,
          36.0416927
        ]
      }
    },
    {
      "type": "Feature",
      "properties": {
        "name": "آوج",
        "province": "قزوین",
        "is_capital": false
      },
      "geometry": {
        "type": "Point",
        "coordinates": [
          49.2235344,
          35.5787119
        ]
      }
    },
    {
      "type": "Feature",
      "properties": {
        "name": "ارداق",
        "province": "قزوین",
        "is_capital": false
      },
      "geometry": {
        "type": "Point",
        "coordinates": [
          49.8249049,
          36.0531207
        ]
      }
    },
    {
      "type": "Feature",
      "properties": {
        "name": "اسفرورین",
        "province": "قزوین",
        "is_capital": false
      },
      "geometry": {
        "type": "Point",
        "coordinates": [
          49.7479887,
          35.9353304
        ]
      }
    },
    {
      "type": "Feature",
      "properties": {
        "name": "الوند",
        "province": "قزوین",
        "is_capital": false
      },
      "geometry": {
        "type": "Point",
        "coordinates": [
          50.064134,
          36.1865866
        ]
      }
    },
    {
      "type": "Feature",
      "properties": {
        "name": "بوئین‌زهرا",
        "province": "قزوین",
        "is_capital": false
      },
      "geometry": {
        "type": "Point",
        "coordinates": [
          50.0579667,
          35.7679957
        ]
      }
    },
    {
      "type": "Feature",
      "properties": {
        "name": "تاکستان",
        "province": "قزوین",
        "is_capital": false
      },
      "geometry": {
        "type": "Point",
        "coordinates": [
          49.6937027,
          36.0726006
        ]
      }
    },
    {
      "type": "Feature",
      "properties": {
        "name": "خاکعلی",
        "province": "قزوین",
        "is_capital": false
      },
      "geometry": {
        "type": "Point",
        "coordinates": [
          50.1758838,
          36.1285497
        ]
      }
    },
    {
      "type": "Feature",
      "properties": {
        "name": "شال",
        "province": "قزوین",
        "is_capital": false
      },
      "geometry": {
        "type": "Point",
        "coordinates": [
          49.7700946,
          35.8980371
        ]
      }
    },
    {
      "type": "Feature",
      "properties": {
        "name": "قزوین",
        "province": "قزوین",
        "is_capital": true
      },
      "geometry": {
        "type": "Point",
        "coordinates": [
          50.064134,
          36.1865866
        ]
      }
    },
    {
      "type": "Feature",
      "properties": {
        "name": "محمودآباد نمونه",
        "province": "قزوین",
        "is_capital": false
      },
      "geometry": {
        "type": "Point",
        "coordinates": [
          49.9005962,
          36.2898869
        ]
      }
    },
    {
      "type": "Feature",
      "properties": {
        "name": "نرجه",
        "province": "قزوین",
        "is_capital": false
      },
      "geometry": {
        "type": "Point",
        "coordinates": [
          49.6245427,
          35.9909852
        ]
      }
    },
    {
      "type": "Feature",
      "properties": {
        "name": "کوهین",
        "province": "قزوین",
        "is_capital": false
      },
      "geometry": {
        "type": "Point",
        "coordinates": [
          49.6631317,
          36.3701265
        ]
      }
    },
    {
      "type": "Feature",
      "properties": {
        "name": "دستجرد",
        "province": "قم",
        "is_capital": false
      },
      "geometry": {
        "type": "Point",
        "coordinates": [
          50.248333,
          34.551944
        ]
      }
    },
    {
      "type": "Feature",
      "properties": {
        "name": "سلفچگان",
        "province": "قم",
        "is_capital": false
      },
      "geometry": {
        "type": "Point",
        "coordinates": [
          50.4577101,
          34.4783955
        ]
      }
    },
    {
      "type": "Feature",
      "properties": {
        "name": "قم",
        "province": "قم",
        "is_capital": true
      },
      "geometry": {
        "type": "Point",
        "coordinates": [
          50.8800969,
          34.6423117
        ]
      }
    },
    {
      "type": "Feature",
      "properties": {
        "name": "ازنا",
        "province": "لرستان",
        "is_capital": false
      },
      "geometry": {
        "type": "Point",
        "coordinates": [
          49.4537204,
          33.4568272
        ]
      }
    },
    {
      "type": "Feature",
      "properties": {
        "name": "الشتر",
        "province": "لرستان",
        "is_capital": false
      },
      "geometry": {
        "type": "Point",
        "coordinates": [
          48.2619601,
          33.8627885
        ]
      }
    },
    {
      "type": "Feature",
      "properties": {
        "name": "الیگودرز",
        "province": "لرستان",
        "is_capital": false
      },
      "geometry": {
        "type": "Point",
        "coordinates": [
          49.6921874,
          33.4035124
        ]
      }
    },
    {
      "type": "Feature",
      "properties": {
        "name": "بروجرد",
        "province": "لرستان",
        "is_capital": false
      },
      "geometry": {
        "type": "Point",
        "coordinates": [
          48.8841277,
          33.7324996
        ]
      }
    },
    {
      "type": "Feature",
      "properties": {
        "name": "بیرانشهر",
        "province": "لرستان",
        "is_capital": false
      },
      "geometry": {
        "type": "Point",
        "coordinates": [
          48.5597292,
          33.6485949
        ]
      }
    },
    {
      "type": "Feature",
      "properties": {
        "name": "خرم‌آباد",
        "province": "لرستان",
        "is_capital": true
      },
      "geometry": {
        "type": "Point",
        "coordinates": [
          48.3538276,
          33.4842109
        ]
      }
    },
    {
      "type": "Feature",
      "properties": {
        "name": "درب گنبد",
        "province": "لرستان",
        "is_capital": false
      },
      "geometry": {
        "type": "Point",
        "coordinates": [
          47.1502234,
          33.6904944
        ]
      }
    },
    {
      "type": "Feature",
      "properties": {
        "name": "دورود",
        "province": "لرستان",
        "is_capital": false
      },
      "geometry": {
        "type": "Point",
        "coordinates": [
          49.0529575,
          33.4992998
        ]
      }
    },
    {
      "type": "Feature",
      "properties": {
        "name": "رومشگان",
        "province": "لرستان",
        "is_capital": false
      },
      "geometry": {
        "type": "Point",
        "coordinates": [
          47.568526,
          33.268762
        ]
      }
    },
    {
      "type": "Feature",
      "properties": {
        "name": "زاغه",
        "province": "لرستان",
        "is_capital": false
      },
      "geometry": {
        "type": "Point",
        "coordinates": [
          48.7059909,
          33.4999202
        ]
      }
    },
    {
      "type": "Feature",
      "properties": {
        "name": "سراب‌دوره",
        "province": "لرستان",
        "is_capital": false
      },
      "geometry": {
        "type": "Point",
        "coordinates": [
          48.0225482,
          33.5636959
        ]
      }
    },
    {
      "type": "Feature",
      "properties": {
        "name": "فرزیان",
        "province": "لرستان",
        "is_capital": false
      },
      "geometry": {
        "type": "Point",
        "coordinates": [
          49.5555178,
          33.559151
        ]
      }
    },
    {
      "type": "Feature",
      "properties": {
        "name": "فیروزآباد",
        "province": "لرستان",
        "is_capital": false
      },
      "geometry": {
        "type": "Point",
        "coordinates": [
          48.1034902,
          33.8982515
        ]
      }
    },
    {
      "type": "Feature",
      "properties": {
        "name": "معمولان",
        "province": "لرستان",
        "is_capital": false
      },
      "geometry": {
        "type": "Point",
        "coordinates": [
          47.9603107,
          33.3793239
        ]
      }
    },
    {
      "type": "Feature",
      "properties": {
        "name": "نورآباد",
        "province": "لرستان",
        "is_capital": false
      },
      "geometry": {
        "type": "Point",
        "coordinates": [
          47.9728357,
          34.0726246
        ]
      }
    },
    {
      "type": "Feature",
      "properties": {
        "name": "ویسیان",
        "province": "لرستان",
        "is_capital": false
      },
      "geometry": {
        "type": "Point",
        "coordinates": [
          48.0304375,
          33.4866325
        ]
      }
    },
    {
      "type": "Feature",
      "properties": {
        "name": "پل‌دختر",
        "province": "لرستان",
        "is_capital": false
      },
      "geometry": {
        "type": "Point",
        "coordinates": [
          47.7117493,
          33.1524187
        ]
      }
    },
    {
      "type": "Feature",
      "properties": {
        "name": "چالانچولان",
        "province": "لرستان",
        "is_capital": false
      },
      "geometry": {
        "type": "Point",
        "coordinates": [
          48.908043,
          33.66521
        ]
      }
    },
    {
      "type": "Feature",
      "properties": {
        "name": "کونانی",
        "province": "لرستان",
        "is_capital": false
      },
      "geometry": {
        "type": "Point",
        "coordinates": [
          47.3258403,
          33.403194
        ]
      }
    },
    {
      "type": "Feature",
      "properties": {
        "name": "کوهدشت",
        "province": "لرستان",
        "is_capital": false
      },
      "geometry": {
        "type": "Point",
        "coordinates": [
          47.6070512,
          33.5331808
        ]
      }
    },
    {
      "type": "Feature",
      "properties": {
        "name": "گراب",
        "province": "لرستان",
        "is_capital": false
      },
      "geometry": {
        "type": "Point",
        "coordinates": [
          48.489661,
          33.4853061
        ]
      }
    },
    {
      "type": "Feature",
      "properties": {
        "name": "آلاشت",
        "province": "مازندران",
        "is_capital": false
      },
      "geometry": {
        "type": "Point",
        "coordinates": [
          52.8366338,
          36.066319
        ]
      }
    },
    {
      "type": "Feature",
      "properties": {
        "name": "آمل",
        "province": "مازندران",
        "is_capital": false
      },
      "geometry": {
        "type": "Point",
        "coordinates": [
          52.3499009,
          36.4718947
        ]
      }
    },
    {
      "type": "Feature",
      "properties": {
        "name": "امیرشهر",
        "province": "مازندران",
        "is_capital": false
      },
      "geometry": {
        "type": "Point",
        "coordinates": [
          52.6652777,
          36.5969933
        ]
      }
    },
    {
      "type": "Feature",
      "properties": {
        "name": "امیرکلا",
        "province": "مازندران",
        "is_capital": false
      },
      "geometry": {
        "type": "Point",
        "coordinates": [
          52.6652777,
          36.5969933
        ]
      }
    },
    {
      "type": "Feature",
      "properties": {
        "name": "ایزدشهر",
        "province": "مازندران",
        "is_capital": false
      },
      "geometry": {
        "type": "Point",
        "coordinates": [
          52.135172,
          36.5987867
        ]
      }
    },
    {
      "type": "Feature",
      "properties": {
        "name": "بابل",
        "province": "مازندران",
        "is_capital": false
      },
      "geometry": {
        "type": "Point",
        "coordinates": [
          52.6846571,
          36.5452581
        ]
      }
    },
    {
      "type": "Feature",
      "properties": {
        "name": "بابلسر",
        "province": "مازندران",
        "is_capital": false
      },
      "geometry": {
        "type": "Point",
        "coordinates": [
          52.6481047,
          36.7008777
        ]
      }
    },
    {
      "type": "Feature",
      "properties": {
        "name": "بلده",
        "province": "مازندران",
        "is_capital": false
      },
      "geometry": {
        "type": "Point",
        "coordinates": [
          51.8089289,
          36.202753
        ]
      }
    },
    {
      "type": "Feature",
      "properties": {
        "name": "بندر امیر آباد",
        "province": "مازندران",
        "is_capital": false
      },
      "geometry": {
        "type": "Point",
        "coordinates": [
          53.355548,
          36.853304
        ]
      }
    },
    {
      "type": "Feature",
      "properties": {
        "name": "بهشهر",
        "province": "مازندران",
        "is_capital": false
      },
      "geometry": {
        "type": "Point",
        "coordinates": [
          53.543415,
          36.6911785
        ]
      }
    },
    {
      "type": "Feature",
      "properties": {
        "name": "تنکابن",
        "province": "مازندران",
        "is_capital": false
      },
      "geometry": {
        "type": "Point",
        "coordinates": [
          50.873889,
          36.816389
        ]
      }
    },
    {
      "type": "Feature",
      "properties": {
        "name": "جویبار",
        "province": "مازندران",
        "is_capital": false
      },
      "geometry": {
        "type": "Point",
        "coordinates": [
          52.9100038,
          36.6400238
        ]
      }
    },
    {
      "type": "Feature",
      "properties": {
        "name": "خلیل‌شهر",
        "province": "مازندران",
        "is_capital": false
      },
      "geometry": {
        "type": "Point",
        "coordinates": [
          53.6402049,
          36.7013487
        ]
      }
    },
    {
      "type": "Feature",
      "properties": {
        "name": "خوش‌رودپی",
        "province": "مازندران",
        "is_capital": false
      },
      "geometry": {
        "type": "Point",
        "coordinates": [
          52.566855,
          36.373577
        ]
      }
    },
    {
      "type": "Feature",
      "properties": {
        "name": "دابودشت",
        "province": "مازندران",
        "is_capital": false
      },
      "geometry": {
        "type": "Point",
        "coordinates": [
          52.447385,
          36.476629
        ]
      }
    },
    {
      "type": "Feature",
      "properties": {
        "name": "رامسر",
        "province": "مازندران",
        "is_capital": false
      },
      "geometry": {
        "type": "Point",
        "coordinates": [
          50.658333,
          36.903056
        ]
      }
    },
    {
      "type": "Feature",
      "properties": {
        "name": "رستمکلا",
        "province": "مازندران",
        "is_capital": false
      },
      "geometry": {
        "type": "Point",
        "coordinates": [
          52.894535,
          36.5532407
        ]
      }
    },
    {
      "type": "Feature",
      "properties": {
        "name": "رویان",
        "province": "مازندران",
        "is_capital": false
      },
      "geometry": {
        "type": "Point",
        "coordinates": [
          51.9617002,
          36.5694026
        ]
      }
    },
    {
      "type": "Feature",
      "properties": {
        "name": "زاغمرز",
        "province": "مازندران",
        "is_capital": false
      },
      "geometry": {
        "type": "Point",
        "coordinates": [
          53.30311,
          36.805126
        ]
      }
    },
    {
      "type": "Feature",
      "properties": {
        "name": "زرگرمحله",
        "province": "مازندران",
        "is_capital": false
      },
      "geometry": {
        "type": "Point",
        "coordinates": [
          52.680571,
          36.546907
        ]
      }
    },
    {
      "type": "Feature",
      "properties": {
        "name": "ساری",
        "province": "مازندران",
        "is_capital": true
      },
      "geometry": {
        "type": "Point",
        "coordinates": [
          53.06,
          36.563333
        ]
      }
    },
    {
      "type": "Feature",
      "properties": {
        "name": "سلمانشهر",
        "province": "مازندران",
        "is_capital": false
      },
      "geometry": {
        "type": "Point",
        "coordinates": [
          51.1955,
          36.6947
        ]
      }
    },
    {
      "type": "Feature",
      "properties": {
        "name": "سوادکوه",
        "province": "مازندران",
        "is_capital": false
      },
      "geometry": {
        "type": "Point",
        "coordinates": [
          52.8852403,
          36.3040255
        ]
      }
    },
    {
      "type": "Feature",
      "properties": {
        "name": "شیرگاه",
        "province": "مازندران",
        "is_capital": false
      },
      "geometry": {
        "type": "Point",
        "coordinates": [
          52.8815857,
          36.3004288
        ]
      }
    },
    {
      "type": "Feature",
      "properties": {
        "name": "عباس آباد",
        "province": "مازندران",
        "is_capital": false
      },
      "geometry": {
        "type": "Point",
        "coordinates": [
          51.107169,
          36.722931
        ]
      }
    },
    {
      "type": "Feature",
      "properties": {
        "name": "فریدون‌کنار",
        "province": "مازندران",
        "is_capital": false
      },
      "geometry": {
        "type": "Point",
        "coordinates": [
          52.5217808,
          36.6830883
        ]
      }
    },
    {
      "type": "Feature",
      "properties": {
        "name": "فریم",
        "province": "مازندران",
        "is_capital": false
      },
      "geometry": {
        "type": "Point",
        "coordinates": [
          53.2677764,
          36.1726982
        ]
      }
    },
    {
      "type": "Feature",
      "properties": {
        "name": "قائم‌شهر",
        "province": "مازندران",
        "is_capital": false
      },
      "geometry": {
        "type": "Point",
        "coordinates": [
          52.8579311,
          36.4636399
        ]
      }
    },
    {
      "type": "Feature",
      "properties": {
        "name": "محمودآباد",
        "province": "مازندران",
        "is_capital": false
      },
      "geometry": {
        "type": "Point",
        "coordinates": [
          52.2621156,
          36.6308963
        ]
      }
    },
    {
      "type": "Feature",
      "properties": {
        "name": "مرزن‌آباد",
        "province": "مازندران",
        "is_capital": false
      },
      "geometry": {
        "type": "Point",
        "coordinates": [
          51.3005787,
          36.4539793
        ]
      }
    },
    {
      "type": "Feature",
      "properties": {
        "name": "مرزیکلا",
        "province": "مازندران",
        "is_capital": false
      },
      "geometry": {
        "type": "Point",
        "coordinates": [
          52.7341391,
          36.3636458
        ]
      }
    },
    {
      "type": "Feature",
      "properties": {
        "name": "نشتارود",
        "province": "مازندران",
        "is_capital": false
      },
      "geometry": {
        "type": "Point",
        "coordinates": [
          51.0358454,
          36.7486267
        ]
      }
    },
    {
      "type": "Feature",
      "properties": {
        "name": "نور",
        "province": "مازندران",
        "is_capital": false
      },
      "geometry": {
        "type": "Point",
        "coordinates": [
          52.0101,
          36.5732661
        ]
      }
    },
    {
      "type": "Feature",
      "properties": {
        "name": "نوشهر",
        "province": "مازندران",
        "is_capital": false
      },
      "geometry": {
        "type": "Point",
        "coordinates": [
          51.5034126,
          36.6508069
        ]
      }
    },
    {
      "type": "Feature",
      "properties": {
        "name": "نکا",
        "province": "مازندران",
        "is_capital": false
      },
      "geometry": {
        "type": "Point",
        "coordinates": [
          53.29715,
          36.647082
        ]
      }
    },
    {
      "type": "Feature",
      "properties": {
        "name": "پل سفید",
        "province": "مازندران",
        "is_capital": false
      },
      "geometry": {
        "type": "Point",
        "coordinates": [
          53.0574831,
          36.1169618
        ]
      }
    },
    {
      "type": "Feature",
      "properties": {
        "name": "چالوس",
        "province": "مازندران",
        "is_capital": false
      },
      "geometry": {
        "type": "Point",
        "coordinates": [
          51.4223717,
          36.6506329
        ]
      }
    },
    {
      "type": "Feature",
      "properties": {
        "name": "چمستان",
        "province": "مازندران",
        "is_capital": false
      },
      "geometry": {
        "type": "Point",
        "coordinates": [
          52.1167325,
          36.4773762
        ]
      }
    },
    {
      "type": "Feature",
      "properties": {
        "name": "کلارآباد",
        "province": "مازندران",
        "is_capital": false
      },
      "geometry": {
        "type": "Point",
        "coordinates": [
          51.2511485,
          36.6964662
        ]
      }
    },
    {
      "type": "Feature",
      "properties": {
        "name": "کلاردشت",
        "province": "مازندران",
        "is_capital": false
      },
      "geometry": {
        "type": "Point",
        "coordinates": [
          51.1587669,
          36.5055519
        ]
      }
    },
    {
      "type": "Feature",
      "properties": {
        "name": "کله‌بست",
        "province": "مازندران",
        "is_capital": false
      },
      "geometry": {
        "type": "Point",
        "coordinates": [
          52.6315535,
          36.6400809
        ]
      }
    },
    {
      "type": "Feature",
      "properties": {
        "name": "کوهی‌خیل",
        "province": "مازندران",
        "is_capital": false
      },
      "geometry": {
        "type": "Point",
        "coordinates": [
          52.9118026,
          36.6879187
        ]
      }
    },
    {
      "type": "Feature",
      "properties": {
        "name": "کیاسر",
        "province": "مازندران",
        "is_capital": false
      },
      "geometry": {
        "type": "Point",
        "coordinates": [
          53.5412514,
          36.2366087
        ]
      }
    },
    {
      "type": "Feature",
      "properties": {
        "name": "گتاب",
        "province": "مازندران",
        "is_capital": false
      },
      "geometry": {
        "type": "Point",
        "coordinates": [
          52.6578558,
          36.431717
        ]
      }
    },
    {
      "type": "Feature",
      "properties": {
        "name": "گرجی‌محله",
        "province": "مازندران",
        "is_capital": false
      },
      "geometry": {
        "type": "Point",
        "coordinates": [
          53.546709,
          36.684587
        ]
      }
    },
    {
      "type": "Feature",
      "properties": {
        "name": "گزنک",
        "province": "مازندران",
        "is_capital": false
      },
      "geometry": {
        "type": "Point",
        "coordinates": [
          52.2246758,
          35.9038115
        ]
      }
    },
    {
      "type": "Feature",
      "properties": {
        "name": "گلوگاه",
        "province": "مازندران",
        "is_capital": false
      },
      "geometry": {
        "type": "Point",
        "coordinates": [
          53.808889,
          36.727222
        ]
      }
    },
    {
      "type": "Feature",
      "properties": {
        "name": "آشتیان",
        "province": "مرکزی",
        "is_capital": false
      },
      "geometry": {
        "type": "Point",
        "coordinates": [
          50.0018687,
          34.5216784
        ]
      }
    },
    {
      "type": "Feature",
      "properties": {
        "name": "اراک",
        "province": "مرکزی",
        "is_capital": true
      },
      "geometry": {
        "type": "Point",
        "coordinates": [
          48.532763856651,
          34.80370505
        ]
      }
    },
    {
      "type": "Feature",
      "properties": {
        "name": "انجدان",
        "province": "مرکزی",
        "is_capital": false
      },
      "geometry": {
        "type": "Point",
        "coordinates": [
          50.0332139,
          33.9790129
        ]
      }
    },
    {
      "type": "Feature",
      "properties": {
        "name": "بازنه",
        "province": "مرکزی",
        "is_capital": false
      },
      "geometry": {
        "type": "Point",
        "coordinates": [
          49.5326243,
          33.8800652
        ]
      }
    },
    {
      "type": "Feature",
      "properties": {
        "name": "تفرش",
        "province": "مرکزی",
        "is_capital": false
      },
      "geometry": {
        "type": "Point",
        "coordinates": [
          50.0146963,
          34.6927402
        ]
      }
    },
    {
      "type": "Feature",
      "properties": {
        "name": "توره",
        "province": "مرکزی",
        "is_capital": false
      },
      "geometry": {
        "type": "Point",
        "coordinates": [
          49.2886966,
          34.0444771
        ]
      }
    },
    {
      "type": "Feature",
      "properties": {
        "name": "خمین",
        "province": "مرکزی",
        "is_capital": false
      },
      "geometry": {
        "type": "Point",
        "coordinates": [
          50.0801376,
          33.6446965
        ]
      }
    },
    {
      "type": "Feature",
      "properties": {
        "name": "خنداب",
        "province": "مرکزی",
        "is_capital": false
      },
      "geometry": {
        "type": "Point",
        "coordinates": [
          48.206155,
          34.7629999
        ]
      }
    },
    {
      "type": "Feature",
      "properties": {
        "name": "داودآباد",
        "province": "مرکزی",
        "is_capital": false
      },
      "geometry": {
        "type": "Point",
        "coordinates": [
          49.849953,
          34.297248
        ]
      }
    },
    {
      "type": "Feature",
      "properties": {
        "name": "دلیجان",
        "province": "مرکزی",
        "is_capital": false
      },
      "geometry": {
        "type": "Point",
        "coordinates": [
          50.6862901,
          33.9880486
        ]
      }
    },
    {
      "type": "Feature",
      "properties": {
        "name": "رازقان",
        "province": "مرکزی",
        "is_capital": false
      },
      "geometry": {
        "type": "Point",
        "coordinates": [
          49.9556045,
          35.3312924
        ]
      }
    },
    {
      "type": "Feature",
      "properties": {
        "name": "زاویه",
        "province": "مرکزی",
        "is_capital": false
      },
      "geometry": {
        "type": "Point",
        "coordinates": [
          50.5644495,
          35.3830162
        ]
      }
    },
    {
      "type": "Feature",
      "properties": {
        "name": "زرندیه",
        "province": "مرکزی",
        "is_capital": false
      },
      "geometry": {
        "type": "Point",
        "coordinates": [
          50.5073612,
          35.3011297
        ]
      }
    },
    {
      "type": "Feature",
      "properties": {
        "name": "ساوه",
        "province": "مرکزی",
        "is_capital": false
      },
      "geometry": {
        "type": "Point",
        "coordinates": [
          50.3584834,
          35.0206133
        ]
      }
    },
    {
      "type": "Feature",
      "properties": {
        "name": "سنجان",
        "province": "مرکزی",
        "is_capital": false
      },
      "geometry": {
        "type": "Point",
        "coordinates": [
          49.6217982518177,
          34.0503511
        ]
      }
    },
    {
      "type": "Feature",
      "properties": {
        "name": "شازند",
        "province": "مرکزی",
        "is_capital": false
      },
      "geometry": {
        "type": "Point",
        "coordinates": [
          49.4070049,
          33.9293155
        ]
      }
    },
    {
      "type": "Feature",
      "properties": {
        "name": "ضامنجان",
        "province": "مرکزی",
        "is_capital": false
      },
      "geometry": {
        "type": "Point",
        "coordinates": [
          49.6154586,
          34.0263452
        ]
      }
    },
    {
      "type": "Feature",
      "properties": {
        "name": "غرق‌آباد",
        "province": "مرکزی",
        "is_capital": false
      },
      "geometry": {
        "type": "Point",
        "coordinates": [
          49.8312434,
          35.1092029
        ]
      }
    },
    {
      "type": "Feature",
      "properties": {
        "name": "فرمهین",
        "province": "مرکزی",
        "is_capital": false
      },
      "geometry": {
        "type": "Point",
        "coordinates": [
          49.68828,
          34.508096
        ]
      }
    },
    {
      "type": "Feature",
      "properties": {
        "name": "فیجان",
        "province": "مرکزی",
        "is_capital": false
      },
      "geometry": {
        "type": "Point",
        "coordinates": [
          49.620731,
          34.050843
        ]
      }
    },
    {
      "type": "Feature",
      "properties": {
        "name": "قورچی‌باشی",
        "province": "مرکزی",
        "is_capital": false
      },
      "geometry": {
        "type": "Point",
        "coordinates": [
          49.8760505,
          33.67494
        ]
      }
    },
    {
      "type": "Feature",
      "properties": {
        "name": "مأمونیه",
        "province": "مرکزی",
        "is_capital": false
      },
      "geometry": {
        "type": "Point",
        "coordinates": [
          50.5073612,
          35.3011297
        ]
      }
    },
    {
      "type": "Feature",
      "properties": {
        "name": "محلات",
        "province": "مرکزی",
        "is_capital": false
      },
      "geometry": {
        "type": "Point",
        "coordinates": [
          50.4526427,
          33.9060573
        ]
      }
    },
    {
      "type": "Feature",
      "properties": {
        "name": "نراق",
        "province": "مرکزی",
        "is_capital": false
      },
      "geometry": {
        "type": "Point",
        "coordinates": [
          50.8402395,
          34.0096318
        ]
      }
    },
    {
      "type": "Feature",
      "properties": {
        "name": "نوبران",
        "province": "مرکزی",
        "is_capital": false
      },
      "geometry": {
        "type": "Point",
        "coordinates": [
          49.7089976,
          35.1306563
        ]
      }
    },
    {
      "type": "Feature",
      "properties": {
        "name": "نیم‌ور",
        "province": "مرکزی",
        "is_capital": false
      },
      "geometry": {
        "type": "Point",
        "coordinates": [
          50.5721677,
          33.88404
        ]
      }
    },
    {
      "type": "Feature",
      "properties": {
        "name": "پرندک",
        "province": "مرکزی",
        "is_capital": false
      },
      "geometry": {
        "type": "Point",
        "coordinates": [
          50.6793095,
          35.3624016
        ]
      }
    },
    {
      "type": "Feature",
      "properties": {
        "name": "کرهرود",
        "province": "مرکزی",
        "is_capital": false
      },
      "geometry": {
        "type": "Point",
        "coordinates": [
          49.6452871847769,
          34.06094815
        ]
      }
    },
    {
      "type": "Feature",
      "properties": {
        "name": "کمیجان",
        "province": "مرکزی",
        "is_capital": false
      },
      "geometry": {
        "type": "Point",
        "coordinates": [
          49.3219622,
          34.7207822
        ]
      }
    },
    {
      "type": "Feature",
      "properties": {
        "name": "ابوموسی",
        "province": "هرمزگان",
        "is_capital": false
      },
      "geometry": {
        "type": "Point",
        "coordinates": [
          55.0374364,
          25.8835628
        ]
      }
    },
    {
      "type": "Feature",
      "properties": {
        "name": "بستک",
        "province": "هرمزگان",
        "is_capital": false
      },
      "geometry": {
        "type": "Point",
        "coordinates": [
          54.362564,
          27.1977195
        ]
      }
    },
    {
      "type": "Feature",
      "properties": {
        "name": "بندر خمیر",
        "province": "هرمزگان",
        "is_capital": false
      },
      "geometry": {
        "type": "Point",
        "coordinates": [
          55.5877083,
          26.9516377
        ]
      }
    },
    {
      "type": "Feature",
      "properties": {
        "name": "بندر عباس",
        "province": "هرمزگان",
        "is_capital": false
      },
      "geometry": {
        "type": "Point",
        "coordinates": [
          56.2781423,
          27.1793466
        ]
      }
    },
    {
      "type": "Feature",
      "properties": {
        "name": "بندر لنگه",
        "province": "هرمزگان",
        "is_capital": false
      },
      "geometry": {
        "type": "Point",
        "coordinates": [
          54.883817,
          26.5620668
        ]
      }
    },
    {
      "type": "Feature",
      "properties": {
        "name": "بندر چارک",
        "province": "هرمزگان",
        "is_capital": false
      },
      "geometry": {
        "type": "Point",
        "coordinates": [
          54.2791108,
          26.7318351
        ]
      }
    },
    {
      "type": "Feature",
      "properties": {
        "name": "جاسک",
        "province": "هرمزگان",
        "is_capital": false
      },
      "geometry": {
        "type": "Point",
        "coordinates": [
          57.7745644,
          25.6436156
        ]
      }
    },
    {
      "type": "Feature",
      "properties": {
        "name": "جزیره کیش",
        "province": "هرمزگان",
        "is_capital": false
      },
      "geometry": {
        "type": "Point",
        "coordinates": [
          53.986847,
          26.530421
        ]
      }
    },
    {
      "type": "Feature",
      "properties": {
        "name": "جناح",
        "province": "هرمزگان",
        "is_capital": false
      },
      "geometry": {
        "type": "Point",
        "coordinates": [
          54.2839961,
          27.0173998
        ]
      }
    },
    {
      "type": "Feature",
      "properties": {
        "name": "حاجی‌آباد",
        "province": "هرمزگان",
        "is_capital": false
      },
      "geometry": {
        "type": "Point",
        "coordinates": [
          55.8984682,
          28.3071782
        ]
      }
    },
    {
      "type": "Feature",
      "properties": {
        "name": "درگهان",
        "province": "هرمزگان",
        "is_capital": false
      },
      "geometry": {
        "type": "Point",
        "coordinates": [
          56.0778103,
          26.9674546
        ]
      }
    },
    {
      "type": "Feature",
      "properties": {
        "name": "رودان",
        "province": "هرمزگان",
        "is_capital": false
      },
      "geometry": {
        "type": "Point",
        "coordinates": [
          57.1909085,
          27.4413347
        ]
      }
    },
    {
      "type": "Feature",
      "properties": {
        "name": "سرچاهان",
        "province": "هرمزگان",
        "is_capital": false
      },
      "geometry": {
        "type": "Point",
        "coordinates": [
          55.8770736,
          28.0626871
        ]
      }
    },
    {
      "type": "Feature",
      "properties": {
        "name": "سندرک",
        "province": "هرمزگان",
        "is_capital": false
      },
      "geometry": {
        "type": "Point",
        "coordinates": [
          57.4254084,
          26.8370511
        ]
      }
    },
    {
      "type": "Feature",
      "properties": {
        "name": "سیریک",
        "province": "هرمزگان",
        "is_capital": false
      },
      "geometry": {
        "type": "Point",
        "coordinates": [
          57.1018838,
          26.5180461
        ]
      }
    },
    {
      "type": "Feature",
      "properties": {
        "name": "شهر رویدر",
        "province": "هرمزگان",
        "is_capital": false
      },
      "geometry": {
        "type": "Point",
        "coordinates": [
          55.419543,
          27.469834
        ]
      }
    },
    {
      "type": "Feature",
      "properties": {
        "name": "شهر کنگ",
        "province": "هرمزگان",
        "is_capital": false
      },
      "geometry": {
        "type": "Point",
        "coordinates": [
          54.937303,
          26.594779
        ]
      }
    },
    {
      "type": "Feature",
      "properties": {
        "name": "شهر کیش",
        "province": "هرمزگان",
        "is_capital": false
      },
      "geometry": {
        "type": "Point",
        "coordinates": [
          53.985716,
          26.532051
        ]
      }
    },
    {
      "type": "Feature",
      "properties": {
        "name": "فین",
        "province": "هرمزگان",
        "is_capital": false
      },
      "geometry": {
        "type": "Point",
        "coordinates": [
          55.8952572,
          27.6310402
        ]
      }
    },
    {
      "type": "Feature",
      "properties": {
        "name": "قشم",
        "province": "هرمزگان",
        "is_capital": false
      },
      "geometry": {
        "type": "Point",
        "coordinates": [
          56.0064541,
          26.8594605
        ]
      }
    },
    {
      "type": "Feature",
      "properties": {
        "name": "لیردف",
        "province": "هرمزگان",
        "is_capital": false
      },
      "geometry": {
        "type": "Point",
        "coordinates": [
          58.86878,
          25.639746
        ]
      }
    },
    {
      "type": "Feature",
      "properties": {
        "name": "مهران",
        "province": "هرمزگان",
        "is_capital": false
      },
      "geometry": {
        "type": "Point",
        "coordinates": [
          53.82868,
          26.829293
        ]
      }
    },
    {
      "type": "Feature",
      "properties": {
        "name": "میناب",
        "province": "هرمزگان",
        "is_capital": false
      },
      "geometry": {
        "type": "Point",
        "coordinates": [
          57.0736732,
          27.1483069
        ]
      }
    },
    {
      "type": "Feature",
      "properties": {
        "name": "پارسیان",
        "province": "هرمزگان",
        "is_capital": false
      },
      "geometry": {
        "type": "Point",
        "coordinates": [
          53.0351431,
          27.2082174
        ]
      }
    },
    {
      "type": "Feature",
      "properties": {
        "name": "اسدآباد",
        "province": "همدان",
        "is_capital": false
      },
      "geometry": {
        "type": "Point",
        "coordinates": [
          48.1217832,
          34.7825885
        ]
      }
    },
    {
      "type": "Feature",
      "properties": {
        "name": "برزول",
        "province": "همدان",
        "is_capital": false
      },
      "geometry": {
        "type": "Point",
        "coordinates": [
          48.2600728,
          34.2128467
        ]
      }
    },
    {
      "type": "Feature",
      "properties": {
        "name": "بهار",
        "province": "همدان",
        "is_capital": false
      },
      "geometry": {
        "type": "Point",
        "coordinates": [
          48.440865,
          34.9059088
        ]
      }
    },
    {
      "type": "Feature",
      "properties": {
        "name": "تویسرکان",
        "province": "همدان",
        "is_capital": false
      },
      "geometry": {
        "type": "Point",
        "coordinates": [
          48.4478184,
          34.5478858
        ]
      }
    },
    {
      "type": "Feature",
      "properties": {
        "name": "حسین آباد ناظم",
        "province": "همدان",
        "is_capital": false
      },
      "geometry": {
        "type": "Point",
        "coordinates": [
          48.6038257,
          34.2960289
        ]
      }
    },
    {
      "type": "Feature",
      "properties": {
        "name": "رزن",
        "province": "همدان",
        "is_capital": false
      },
      "geometry": {
        "type": "Point",
        "coordinates": [
          49.0344948,
          35.3884459
        ]
      }
    },
    {
      "type": "Feature",
      "properties": {
        "name": "زنگنه",
        "province": "همدان",
        "is_capital": false
      },
      "geometry": {
        "type": "Point",
        "coordinates": [
          49.01032,
          34.1552764
        ]
      }
    },
    {
      "type": "Feature",
      "properties": {
        "name": "سامن",
        "province": "همدان",
        "is_capital": false
      },
      "geometry": {
        "type": "Point",
        "coordinates": [
          48.704561,
          34.2090147
        ]
      }
    },
    {
      "type": "Feature",
      "properties": {
        "name": "صالح‌آباد",
        "province": "همدان",
        "is_capital": false
      },
      "geometry": {
        "type": "Point",
        "coordinates": [
          48.3431377,
          34.9215829
        ]
      }
    },
    {
      "type": "Feature",
      "properties": {
        "name": "فامنین",
        "province": "همدان",
        "is_capital": false
      },
      "geometry": {
        "type": "Point",
        "coordinates": [
          48.9721158,
          35.1179137
        ]
      }
    },
    {
      "type": "Feature",
      "properties": {
        "name": "فرسفج",
        "province": "همدان",
        "is_capital": false
      },
      "geometry": {
        "type": "Point",
        "coordinates": [
          48.2859752,
          34.4865511
        ]
      }
    },
    {
      "type": "Feature",
      "properties": {
        "name": "فیروزان",
        "province": "همدان",
        "is_capital": false
      },
      "geometry": {
        "type": "Point",
        "coordinates": [
          48.1138221,
          34.360476
        ]
      }
    },
    {
      "type": "Feature",
      "properties": {
        "name": "قهاوند",
        "province": "همدان",
        "is_capital": false
      },
      "geometry": {
        "type": "Point",
        "coordinates": [
          49.0033362,
          34.8594697
        ]
      }
    },
    {
      "type": "Feature",
      "properties": {
        "name": "لالجین",
        "province": "همدان",
        "is_capital": false
      },
      "geometry": {
        "type": "Point",
        "coordinates": [
          48.4750848,
          34.9746055
        ]
      }
    },
    {
      "type": "Feature",
      "properties": {
        "name": "ملایر",
        "province": "همدان",
        "is_capital": false
      },
      "geometry": {
        "type": "Point",
        "coordinates": [
          48.814316,
          34.30185
        ]
      }
    },
    {
      "type": "Feature",
      "properties": {
        "name": "مهاجران",
        "province": "همدان",
        "is_capital": false
      },
      "geometry": {
        "type": "Point",
        "coordinates": [
          48.6161213,
          35.0764851
        ]
      }
    },
    {
      "type": "Feature",
      "properties": {
        "name": "نهاوند",
        "province": "همدان",
        "is_capital": false
      },
      "geometry": {
        "type": "Point",
        "coordinates": [
          48.3716218,
          34.1896877
        ]
      }
    },
    {
      "type": "Feature",
      "properties": {
        "name": "همدان",
        "province": "همدان",
        "is_capital": true
      },
      "geometry": {
        "type": "Point",
        "coordinates": [
          48.5148169,
          34.7990866
        ]
      }
    },
    {
      "type": "Feature",
      "properties": {
        "name": "کبود رآهنگ",
        "province": "همدان",
        "is_capital": false
      },
      "geometry": {
        "type": "Point",
        "coordinates": [
          48.723889,
          35.208333
        ]
      }
    },
    {
      "type": "Feature",
      "properties": {
        "name": "گیان",
        "province": "همدان",
        "is_capital": false
      },
      "geometry": {
        "type": "Point",
        "coordinates": [
          48.2445727,
          34.1771986
        ]
      }
    },
    {
      "type": "Feature",
      "properties": {
        "name": "آلونی",
        "province": "چهارمحال و بختیاری",
        "is_capital": false
      },
      "geometry": {
        "type": "Point",
        "coordinates": [
          51.0576007,
          31.5528467
        ]
      }
    },
    {
      "type": "Feature",
      "properties": {
        "name": "اردل",
        "province": "چهارمحال و بختیاری",
        "is_capital": false
      },
      "geometry": {
        "type": "Point",
        "coordinates": [
          50.6609476,
          31.997682
        ]
      }
    },
    {
      "type": "Feature",
      "properties": {
        "name": "بروجن",
        "province": "چهارمحال و بختیاری",
        "is_capital": false
      },
      "geometry": {
        "type": "Point",
        "coordinates": [
          51.291596,
          31.9719093
        ]
      }
    },
    {
      "type": "Feature",
      "properties": {
        "name": "بلداجی",
        "province": "چهارمحال و بختیاری",
        "is_capital": false
      },
      "geometry": {
        "type": "Point",
        "coordinates": [
          51.0513348,
          31.9365711
        ]
      }
    },
    {
      "type": "Feature",
      "properties": {
        "name": "جونقان",
        "province": "چهارمحال و بختیاری",
        "is_capital": false
      },
      "geometry": {
        "type": "Point",
        "coordinates": [
          50.6856466,
          32.1516564
        ]
      }
    },
    {
      "type": "Feature",
      "properties": {
        "name": "سامان",
        "province": "چهارمحال و بختیاری",
        "is_capital": false
      },
      "geometry": {
        "type": "Point",
        "coordinates": [
          50.9104233,
          32.4529354
        ]
      }
    },
    {
      "type": "Feature",
      "properties": {
        "name": "سفیددشت",
        "province": "چهارمحال و بختیاری",
        "is_capital": false
      },
      "geometry": {
        "type": "Point",
        "coordinates": [
          51.181183,
          32.134229
        ]
      }
    },
    {
      "type": "Feature",
      "properties": {
        "name": "سودجان",
        "province": "چهارمحال و بختیاری",
        "is_capital": false
      },
      "geometry": {
        "type": "Point",
        "coordinates": [
          50.4018883,
          32.5215922
        ]
      }
    },
    {
      "type": "Feature",
      "properties": {
        "name": "سورشجان",
        "province": "چهارمحال و بختیاری",
        "is_capital": false
      },
      "geometry": {
        "type": "Point",
        "coordinates": [
          50.6761962,
          32.3163942
        ]
      }
    },
    {
      "type": "Feature",
      "properties": {
        "name": "شلمزار",
        "province": "چهارمحال و بختیاری",
        "is_capital": false
      },
      "geometry": {
        "type": "Point",
        "coordinates": [
          50.8184796,
          32.0464968
        ]
      }
    },
    {
      "type": "Feature",
      "properties": {
        "name": "شهرکرد",
        "province": "چهارمحال و بختیاری",
        "is_capital": true
      },
      "geometry": {
        "type": "Point",
        "coordinates": [
          50.8497369,
          32.3257366
        ]
      }
    },
    {
      "type": "Feature",
      "properties": {
        "name": "فارسان",
        "province": "چهارمحال و بختیاری",
        "is_capital": false
      },
      "geometry": {
        "type": "Point",
        "coordinates": [
          50.5624938,
          32.2549162
        ]
      }
    },
    {
      "type": "Feature",
      "properties": {
        "name": "فرادنبه",
        "province": "چهارمحال و بختیاری",
        "is_capital": false
      },
      "geometry": {
        "type": "Point",
        "coordinates": [
          51.2176939,
          32.0080417
        ]
      }
    },
    {
      "type": "Feature",
      "properties": {
        "name": "فرخ‌شهر",
        "province": "چهارمحال و بختیاری",
        "is_capital": false
      },
      "geometry": {
        "type": "Point",
        "coordinates": [
          50.98251,
          32.2709126
        ]
      }
    },
    {
      "type": "Feature",
      "properties": {
        "name": "لردگان",
        "province": "چهارمحال و بختیاری",
        "is_capital": false
      },
      "geometry": {
        "type": "Point",
        "coordinates": [
          50.8303948,
          31.5126237
        ]
      }
    },
    {
      "type": "Feature",
      "properties": {
        "name": "مال خلیفه",
        "province": "چهارمحال و بختیاری",
        "is_capital": false
      },
      "geometry": {
        "type": "Point",
        "coordinates": [
          51.259282,
          31.290719
        ]
      }
    },
    {
      "type": "Feature",
      "properties": {
        "name": "ناغان",
        "province": "چهارمحال و بختیاری",
        "is_capital": false
      },
      "geometry": {
        "type": "Point",
        "coordinates": [
          50.7276893,
          31.9344796
        ]
      }
    },
    {
      "type": "Feature",
      "properties": {
        "name": "نافچ",
        "province": "چهارمحال و بختیاری",
        "is_capital": false
      },
      "geometry": {
        "type": "Point",
        "coordinates": [
          50.7896658,
          32.4228214
        ]
      }
    },
    {
      "type": "Feature",
      "properties": {
        "name": "هفشجان",
        "province": "چهارمحال و بختیاری",
        "is_capital": false
      },
      "geometry": {
        "type": "Point",
        "coordinates": [
          50.792714,
          32.225568
        ]
      }
    },
    {
      "type": "Feature",
      "properties": {
        "name": "چلگرد",
        "province": "چهارمحال و بختیاری",
        "is_capital": false
      },
      "geometry": {
        "type": "Point",
        "coordinates": [
          50.1222437,
          32.4682525
        ]
      }
    },
    {
      "type": "Feature",
      "properties": {
        "name": "کوهرنگ",
        "province": "چهارمحال و بختیاری",
        "is_capital": false
      },
      "geometry": {
        "type": "Point",
        "coordinates": [
          50.134851,
          32.46489
        ]
      }
    },
    {
      "type": "Feature",
      "properties": {
        "name": "گندمان",
        "province": "چهارمحال و بختیاری",
        "is_capital": false
      },
      "geometry": {
        "type": "Point",
        "coordinates": [
          51.153733,
          31.8650116
        ]
      }
    },
    {
      "type": "Feature",
      "properties": {
        "name": "گهرو",
        "province": "چهارمحال و بختیاری",
        "is_capital": false
      },
      "geometry": {
        "type": "Point",
        "coordinates": [
          50.8871785,
          32.004757
        ]
      }
    },
    {
      "type": "Feature",
      "properties": {
        "name": "اورامان",
        "province": "کردستان",
        "is_capital": false
      },
      "geometry": {
        "type": "Point",
        "coordinates": [
          46.261192,
          35.25257
        ]
      }
    },
    {
      "type": "Feature",
      "properties": {
        "name": "بابارشانی",
        "province": "کردستان",
        "is_capital": false
      },
      "geometry": {
        "type": "Point",
        "coordinates": [
          47.7983782,
          35.6791869
        ]
      }
    },
    {
      "type": "Feature",
      "properties": {
        "name": "باشماق",
        "province": "کردستان",
        "is_capital": false
      },
      "geometry": {
        "type": "Point",
        "coordinates": [
          46.7087,
          36.0716
        ]
      }
    },
    {
      "type": "Feature",
      "properties": {
        "name": "بانه",
        "province": "کردستان",
        "is_capital": false
      },
      "geometry": {
        "type": "Point",
        "coordinates": [
          45.8843225,
          35.9946631
        ]
      }
    },
    {
      "type": "Feature",
      "properties": {
        "name": "بیجار",
        "province": "کردستان",
        "is_capital": false
      },
      "geometry": {
        "type": "Point",
        "coordinates": [
          47.6027902,
          35.8729607
        ]
      }
    },
    {
      "type": "Feature",
      "properties": {
        "name": "دهگلان",
        "province": "کردستان",
        "is_capital": false
      },
      "geometry": {
        "type": "Point",
        "coordinates": [
          47.4189871,
          35.280039
        ]
      }
    },
    {
      "type": "Feature",
      "properties": {
        "name": "دیواندره",
        "province": "کردستان",
        "is_capital": false
      },
      "geometry": {
        "type": "Point",
        "coordinates": [
          47.0193315,
          35.9159662
        ]
      }
    },
    {
      "type": "Feature",
      "properties": {
        "name": "زرینه",
        "province": "کردستان",
        "is_capital": false
      },
      "geometry": {
        "type": "Point",
        "coordinates": [
          47.1508,
          36.0602
        ]
      }
    },
    {
      "type": "Feature",
      "properties": {
        "name": "سروآباد",
        "province": "کردستان",
        "is_capital": false
      },
      "geometry": {
        "type": "Point",
        "coordinates": [
          46.3782,
          35.3187
        ]
      }
    },
    {
      "type": "Feature",
      "properties": {
        "name": "سریش آباد",
        "province": "کردستان",
        "is_capital": false
      },
      "geometry": {
        "type": "Point",
        "coordinates": [
          47.778892,
          35.2478257
        ]
      }
    },
    {
      "type": "Feature",
      "properties": {
        "name": "سقز",
        "province": "کردستان",
        "is_capital": false
      },
      "geometry": {
        "type": "Point",
        "coordinates": [
          46.2705227,
          36.2427456
        ]
      }
    },
    {
      "type": "Feature",
      "properties": {
        "name": "سنندج",
        "province": "کردستان",
        "is_capital": true
      },
      "geometry": {
        "type": "Point",
        "coordinates": [
          46.9978639,
          35.3126047
        ]
      }
    },
    {
      "type": "Feature",
      "properties": {
        "name": "شویشه",
        "province": "کردستان",
        "is_capital": false
      },
      "geometry": {
        "type": "Point",
        "coordinates": [
          46.676496,
          35.3570893
        ]
      }
    },
    {
      "type": "Feature",
      "properties": {
        "name": "صاحب",
        "province": "کردستان",
        "is_capital": false
      },
      "geometry": {
        "type": "Point",
        "coordinates": [
          46.4610855,
          36.2017503
        ]
      }
    },
    {
      "type": "Feature",
      "properties": {
        "name": "قروه",
        "province": "کردستان",
        "is_capital": false
      },
      "geometry": {
        "type": "Point",
        "coordinates": [
          47.800886,
          35.1679005
        ]
      }
    },
    {
      "type": "Feature",
      "properties": {
        "name": "مریوان",
        "province": "کردستان",
        "is_capital": false
      },
      "geometry": {
        "type": "Point",
        "coordinates": [
          46.1758889,
          35.5219063
        ]
      }
    },
    {
      "type": "Feature",
      "properties": {
        "name": "چناره",
        "province": "کردستان",
        "is_capital": false
      },
      "geometry": {
        "type": "Point",
        "coordinates": [
          46.572,
          36.1443
        ]
      }
    },
    {
      "type": "Feature",
      "properties": {
        "name": "کامیاران",
        "province": "کردستان",
        "is_capital": false
      },
      "geometry": {
        "type": "Point",
        "coordinates": [
          46.9362721,
          34.7975071
        ]
      }
    },
    {
      "type": "Feature",
      "properties": {
        "name": "اختیارآباد",
        "province": "کرمان",
        "is_capital": false
      },
      "geometry": {
        "type": "Point",
        "coordinates": [
          56.9247177,
          30.3276538
        ]
      }
    },
    {
      "type": "Feature",
      "properties": {
        "name": "ارزوئیه",
        "province": "کرمان",
        "is_capital": false
      },
      "geometry": {
        "type": "Point",
        "coordinates": [
          56.3634502,
          28.4568592
        ]
      }
    },
    {
      "type": "Feature",
      "properties": {
        "name": "امین‌شهر",
        "province": "کرمان",
        "is_capital": false
      },
      "geometry": {
        "type": "Point",
        "coordinates": [
          55.3413062,
          30.8419668
        ]
      }
    },
    {
      "type": "Feature",
      "properties": {
        "name": "انار",
        "province": "کرمان",
        "is_capital": false
      },
      "geometry": {
        "type": "Point",
        "coordinates": [
          55.2720954,
          30.8724332
        ]
      }
    },
    {
      "type": "Feature",
      "properties": {
        "name": "اندوهجرد",
        "province": "کرمان",
        "is_capital": false
      },
      "geometry": {
        "type": "Point",
        "coordinates": [
          57.751371,
          30.2315368
        ]
      }
    },
    {
      "type": "Feature",
      "properties": {
        "name": "باغین",
        "province": "کرمان",
        "is_capital": false
      },
      "geometry": {
        "type": "Point",
        "coordinates": [
          56.8176548,
          30.187107
        ]
      }
    },
    {
      "type": "Feature",
      "properties": {
        "name": "بافت",
        "province": "کرمان",
        "is_capital": false
      },
      "geometry": {
        "type": "Point",
        "coordinates": [
          56.6056569,
          29.2340169
        ]
      }
    },
    {
      "type": "Feature",
      "properties": {
        "name": "بردسیر",
        "province": "کرمان",
        "is_capital": false
      },
      "geometry": {
        "type": "Point",
        "coordinates": [
          56.5717384,
          29.9283973
        ]
      }
    },
    {
      "type": "Feature",
      "properties": {
        "name": "بروات",
        "province": "کرمان",
        "is_capital": false
      },
      "geometry": {
        "type": "Point",
        "coordinates": [
          58.404499,
          29.0661863
        ]
      }
    },
    {
      "type": "Feature",
      "properties": {
        "name": "بزنجان",
        "province": "کرمان",
        "is_capital": false
      },
      "geometry": {
        "type": "Point",
        "coordinates": [
          56.6995331,
          29.2513403
        ]
      }
    },
    {
      "type": "Feature",
      "properties": {
        "name": "بم",
        "province": "کرمان",
        "is_capital": false
      },
      "geometry": {
        "type": "Point",
        "coordinates": [
          58.3565663,
          29.1059864
        ]
      }
    },
    {
      "type": "Feature",
      "properties": {
        "name": "بهرمان",
        "province": "کرمان",
        "is_capital": false
      },
      "geometry": {
        "type": "Point",
        "coordinates": [
          55.7289235,
          30.9034647
        ]
      }
    },
    {
      "type": "Feature",
      "properties": {
        "name": "جبالبارز",
        "province": "کرمان",
        "is_capital": false
      },
      "geometry": {
        "type": "Point",
        "coordinates": [
          57.885253,
          28.908836
        ]
      }
    },
    {
      "type": "Feature",
      "properties": {
        "name": "جوپار",
        "province": "کرمان",
        "is_capital": false
      },
      "geometry": {
        "type": "Point",
        "coordinates": [
          57.1107791,
          30.0602871
        ]
      }
    },
    {
      "type": "Feature",
      "properties": {
        "name": "جیرفت",
        "province": "کرمان",
        "is_capital": false
      },
      "geometry": {
        "type": "Point",
        "coordinates": [
          57.7373382,
          28.6697367
        ]
      }
    },
    {
      "type": "Feature",
      "properties": {
        "name": "دهج",
        "province": "کرمان",
        "is_capital": false
      },
      "geometry": {
        "type": "Point",
        "coordinates": [
          54.8777097,
          30.6907903
        ]
      }
    },
    {
      "type": "Feature",
      "properties": {
        "name": "رابر",
        "province": "کرمان",
        "is_capital": false
      },
      "geometry": {
        "type": "Point",
        "coordinates": [
          56.912398,
          29.291562
        ]
      }
    },
    {
      "type": "Feature",
      "properties": {
        "name": "راور",
        "province": "کرمان",
        "is_capital": false
      },
      "geometry": {
        "type": "Point",
        "coordinates": [
          56.8069974,
          31.2676737
        ]
      }
    },
    {
      "type": "Feature",
      "properties": {
        "name": "راین",
        "province": "کرمان",
        "is_capital": false
      },
      "geometry": {
        "type": "Point",
        "coordinates": [
          57.4364877,
          29.5981294
        ]
      }
    },
    {
      "type": "Feature",
      "properties": {
        "name": "رفسنجان",
        "province": "کرمان",
        "is_capital": false
      },
      "geometry": {
        "type": "Point",
        "coordinates": [
          55.9941776,
          30.402184
        ]
      }
    },
    {
      "type": "Feature",
      "properties": {
        "name": "ریحان‌شهر",
        "province": "کرمان",
        "is_capital": false
      },
      "geometry": {
        "type": "Point",
        "coordinates": [
          56.7310201,
          30.7452118
        ]
      }
    },
    {
      "type": "Feature",
      "properties": {
        "name": "ریگان",
        "province": "کرمان",
        "is_capital": false
      },
      "geometry": {
        "type": "Point",
        "coordinates": [
          59.0196167,
          28.6523096
        ]
      }
    },
    {
      "type": "Feature",
      "properties": {
        "name": "زرند",
        "province": "کرمان",
        "is_capital": false
      },
      "geometry": {
        "type": "Point",
        "coordinates": [
          56.5672432,
          30.8134822
        ]
      }
    },
    {
      "type": "Feature",
      "properties": {
        "name": "زنگی‌آباد",
        "province": "کرمان",
        "is_capital": false
      },
      "geometry": {
        "type": "Point",
        "coordinates": [
          56.9155312,
          30.4102939
        ]
      }
    },
    {
      "type": "Feature",
      "properties": {
        "name": "زیدآباد",
        "province": "کرمان",
        "is_capital": false
      },
      "geometry": {
        "type": "Point",
        "coordinates": [
          55.5367771,
          29.6004426
        ]
      }
    },
    {
      "type": "Feature",
      "properties": {
        "name": "سیرجان",
        "province": "کرمان",
        "is_capital": false
      },
      "geometry": {
        "type": "Point",
        "coordinates": [
          55.6712851,
          29.4447686
        ]
      }
    },
    {
      "type": "Feature",
      "properties": {
        "name": "شهداد",
        "province": "کرمان",
        "is_capital": false
      },
      "geometry": {
        "type": "Point",
        "coordinates": [
          57.7023666,
          30.4196387
        ]
      }
    },
    {
      "type": "Feature",
      "properties": {
        "name": "شهر بابک",
        "province": "کرمان",
        "is_capital": false
      },
      "geometry": {
        "type": "Point",
        "coordinates": [
          55.1243149,
          30.1191968
        ]
      }
    },
    {
      "type": "Feature",
      "properties": {
        "name": "عنبرآباد",
        "province": "کرمان",
        "is_capital": false
      },
      "geometry": {
        "type": "Point",
        "coordinates": [
          57.844051,
          28.4779105
        ]
      }
    },
    {
      "type": "Feature",
      "properties": {
        "name": "فاریاب",
        "province": "کرمان",
        "is_capital": false
      },
      "geometry": {
        "type": "Point",
        "coordinates": [
          57.2264594,
          28.0937638
        ]
      }
    },
    {
      "type": "Feature",
      "properties": {
        "name": "فهرج",
        "province": "کرمان",
        "is_capital": false
      },
      "geometry": {
        "type": "Point",
        "coordinates": [
          58.8845357,
          28.9454742
        ]
      }
    },
    {
      "type": "Feature",
      "properties": {
        "name": "قلعه گنج",
        "province": "کرمان",
        "is_capital": false
      },
      "geometry": {
        "type": "Point",
        "coordinates": [
          57.8771387,
          27.5239005
        ]
      }
    },
    {
      "type": "Feature",
      "properties": {
        "name": "محی‌آباد",
        "province": "کرمان",
        "is_capital": false
      },
      "geometry": {
        "type": "Point",
        "coordinates": [
          57.162155,
          30.0837663
        ]
      }
    },
    {
      "type": "Feature",
      "properties": {
        "name": "مردهک",
        "province": "کرمان",
        "is_capital": false
      },
      "geometry": {
        "type": "Point",
        "coordinates": [
          58.1590145,
          28.3601239
        ]
      }
    },
    {
      "type": "Feature",
      "properties": {
        "name": "منوجان",
        "province": "کرمان",
        "is_capital": false
      },
      "geometry": {
        "type": "Point",
        "coordinates": [
          57.4949725,
          27.4014947
        ]
      }
    },
    {
      "type": "Feature",
      "properties": {
        "name": "نرماشیر",
        "province": "کرمان",
        "is_capital": false
      },
      "geometry": {
        "type": "Point",
        "coordinates": [
          58.6963456,
          28.9513934
        ]
      }
    },
    {
      "type": "Feature",
      "properties": {
        "name": "نظام‌شهر",
        "province": "کرمان",
        "is_capital": false
      },
      "geometry": {
        "type": "Point",
        "coordinates": [
          58.5496666,
          28.9163336
        ]
      }
    },
    {
      "type": "Feature",
      "properties": {
        "name": "نودژ",
        "province": "کرمان",
        "is_capital": false
      },
      "geometry": {
        "type": "Point",
        "coordinates": [
          57.4531218,
          27.511794
        ]
      }
    },
    {
      "type": "Feature",
      "properties": {
        "name": "پاریز",
        "province": "کرمان",
        "is_capital": false
      },
      "geometry": {
        "type": "Point",
        "coordinates": [
          55.7493447,
          29.8735063
        ]
      }
    },
    {
      "type": "Feature",
      "properties": {
        "name": "چترود",
        "province": "کرمان",
        "is_capital": false
      },
      "geometry": {
        "type": "Point",
        "coordinates": [
          56.9087704,
          30.6012065
        ]
      }
    },
    {
      "type": "Feature",
      "properties": {
        "name": "کاظم‌آباد",
        "province": "کرمان",
        "is_capital": false
      },
      "geometry": {
        "type": "Point",
        "coordinates": [
          56.844081,
          30.5674028
        ]
      }
    },
    {
      "type": "Feature",
      "properties": {
        "name": "کرمان",
        "province": "کرمان",
        "is_capital": true
      },
      "geometry": {
        "type": "Point",
        "coordinates": [
          57.0645647,
          30.2924085
        ]
      }
    },
    {
      "type": "Feature",
      "properties": {
        "name": "کهنوج",
        "province": "کرمان",
        "is_capital": false
      },
      "geometry": {
        "type": "Point",
        "coordinates": [
          57.7025775,
          27.9502255
        ]
      }
    },
    {
      "type": "Feature",
      "properties": {
        "name": "کوهبنان",
        "province": "کرمان",
        "is_capital": false
      },
      "geometry": {
        "type": "Point",
        "coordinates": [
          56.2825998,
          31.4100681
        ]
      }
    },
    {
      "type": "Feature",
      "properties": {
        "name": "گلزار",
        "province": "کرمان",
        "is_capital": false
      },
      "geometry": {
        "type": "Point",
        "coordinates": [
          57.0372966,
          29.7111348
        ]
      }
    },
    {
      "type": "Feature",
      "properties": {
        "name": "یزدان‌شهر",
        "province": "کرمان",
        "is_capital": false
      },
      "geometry": {
        "type": "Point",
        "coordinates": [
          56.3647809,
          30.8653247
        ]
      }
    },
    {
      "type": "Feature",
      "properties": {
        "name": "ازگله",
        "province": "کرمانشاه",
        "is_capital": false
      },
      "geometry": {
        "type": "Point",
        "coordinates": [
          45.8424966,
          34.8322142
        ]
      }
    },
    {
      "type": "Feature",
      "properties": {
        "name": "اسلام‌آباد غرب",
        "province": "کرمانشاه",
        "is_capital": false
      },
      "geometry": {
        "type": "Point",
        "coordinates": [
          46.5257463,
          34.1132923
        ]
      }
    },
    {
      "type": "Feature",
      "properties": {
        "name": "باینگان",
        "province": "کرمانشاه",
        "is_capital": false
      },
      "geometry": {
        "type": "Point",
        "coordinates": [
          46.2709,
          34.9813
        ]
      }
    },
    {
      "type": "Feature",
      "properties": {
        "name": "بیستون",
        "province": "کرمانشاه",
        "is_capital": false
      },
      "geometry": {
        "type": "Point",
        "coordinates": [
          47.4448343,
          34.3995692
        ]
      }
    },
    {
      "type": "Feature",
      "properties": {
        "name": "ثلاث باباجانی",
        "province": "کرمانشاه",
        "is_capital": false
      },
      "geometry": {
        "type": "Point",
        "coordinates": [
          46.149391,
          34.735936
        ]
      }
    },
    {
      "type": "Feature",
      "properties": {
        "name": "جوانرود",
        "province": "کرمانشاه",
        "is_capital": false
      },
      "geometry": {
        "type": "Point",
        "coordinates": [
          46.4920807,
          34.8039724
        ]
      }
    },
    {
      "type": "Feature",
      "properties": {
        "name": "خسروی",
        "province": "کرمانشاه",
        "is_capital": false
      },
      "geometry": {
        "type": "Point",
        "coordinates": [
          45.4728744,
          34.3893639
        ]
      }
    },
    {
      "type": "Feature",
      "properties": {
        "name": "روانسر",
        "province": "کرمانشاه",
        "is_capital": false
      },
      "geometry": {
        "type": "Point",
        "coordinates": [
          46.6508369,
          34.7161309
        ]
      }
    },
    {
      "type": "Feature",
      "properties": {
        "name": "سرمست",
        "province": "کرمانشاه",
        "is_capital": false
      },
      "geometry": {
        "type": "Point",
        "coordinates": [
          46.329,
          34.0266
        ]
      }
    },
    {
      "type": "Feature",
      "properties": {
        "name": "سرپل ذهاب",
        "province": "کرمانشاه",
        "is_capital": false
      },
      "geometry": {
        "type": "Point",
        "coordinates": [
          45.863763,
          34.4607687
        ]
      }
    },
    {
      "type": "Feature",
      "properties": {
        "name": "سطر",
        "province": "کرمانشاه",
        "is_capital": false
      },
      "geometry": {
        "type": "Point",
        "coordinates": [
          47.4612562,
          34.8126546
        ]
      }
    },
    {
      "type": "Feature",
      "properties": {
        "name": "سنقر",
        "province": "کرمانشاه",
        "is_capital": false
      },
      "geometry": {
        "type": "Point",
        "coordinates": [
          47.5988073,
          34.7832217
        ]
      }
    },
    {
      "type": "Feature",
      "properties": {
        "name": "سومار",
        "province": "کرمانشاه",
        "is_capital": false
      },
      "geometry": {
        "type": "Point",
        "coordinates": [
          45.6388242,
          33.8862053
        ]
      }
    },
    {
      "type": "Feature",
      "properties": {
        "name": "شوشمی",
        "province": "کرمانشاه",
        "is_capital": false
      },
      "geometry": {
        "type": "Point",
        "coordinates": [
          46.1806,
          35.1739
        ]
      }
    },
    {
      "type": "Feature",
      "properties": {
        "name": "شیخ سله",
        "province": "کرمانشاه",
        "is_capital": false
      },
      "geometry": {
        "type": "Point",
        "coordinates": [
          45.9260275,
          34.9707879
        ]
      }
    },
    {
      "type": "Feature",
      "properties": {
        "name": "صحنه",
        "province": "کرمانشاه",
        "is_capital": false
      },
      "geometry": {
        "type": "Point",
        "coordinates": [
          47.6935934,
          34.4812132
        ]
      }
    },
    {
      "type": "Feature",
      "properties": {
        "name": "قصر شیرین",
        "province": "کرمانشاه",
        "is_capital": false
      },
      "geometry": {
        "type": "Point",
        "coordinates": [
          45.5800155,
          34.515594
        ]
      }
    },
    {
      "type": "Feature",
      "properties": {
        "name": "مرز خسروی",
        "province": "کرمانشاه",
        "is_capital": false
      },
      "geometry": {
        "type": "Point",
        "coordinates": [
          45.468325,
          34.384015
        ]
      }
    },
    {
      "type": "Feature",
      "properties": {
        "name": "مرز شیخ صالح",
        "province": "کرمانشاه",
        "is_capital": false
      },
      "geometry": {
        "type": "Point",
        "coordinates": [
          45.930051,
          34.970647
        ]
      }
    },
    {
      "type": "Feature",
      "properties": {
        "name": "مرز پرویزخان",
        "province": "کرمانشاه",
        "is_capital": false
      },
      "geometry": {
        "type": "Point",
        "coordinates": [
          45.5776859,
          34.5159031
        ]
      }
    },
    {
      "type": "Feature",
      "properties": {
        "name": "میان‌راهان",
        "province": "کرمانشاه",
        "is_capital": false
      },
      "geometry": {
        "type": "Point",
        "coordinates": [
          47.442,
          34.5843
        ]
      }
    },
    {
      "type": "Feature",
      "properties": {
        "name": "نفت شهر",
        "province": "کرمانشاه",
        "is_capital": false
      },
      "geometry": {
        "type": "Point",
        "coordinates": [
          45.497316,
          33.993356
        ]
      }
    },
    {
      "type": "Feature",
      "properties": {
        "name": "نوسود",
        "province": "کرمانشاه",
        "is_capital": false
      },
      "geometry": {
        "type": "Point",
        "coordinates": [
          46.2042463,
          35.1612676
        ]
      }
    },
    {
      "type": "Feature",
      "properties": {
        "name": "هرسین",
        "province": "کرمانشاه",
        "is_capital": false
      },
      "geometry": {
        "type": "Point",
        "coordinates": [
          47.5861,
          34.2721
        ]
      }
    },
    {
      "type": "Feature",
      "properties": {
        "name": "هلشی",
        "province": "کرمانشاه",
        "is_capital": false
      },
      "geometry": {
        "type": "Point",
        "coordinates": [
          47.0896,
          34.1108
        ]
      }
    },
    {
      "type": "Feature",
      "properties": {
        "name": "پاوه",
        "province": "کرمانشاه",
        "is_capital": false
      },
      "geometry": {
        "type": "Point",
        "coordinates": [
          46.3622191,
          35.0458307
        ]
      }
    },
    {
      "type": "Feature",
      "properties": {
        "name": "کرمانشاه",
        "province": "کرمانشاه",
        "is_capital": true
      },
      "geometry": {
        "type": "Point",
        "coordinates": [
          47.0735891,
          34.3239414
        ]
      }
    },
    {
      "type": "Feature",
      "properties": {
        "name": "کنگاور",
        "province": "کرمانشاه",
        "is_capital": false
      },
      "geometry": {
        "type": "Point",
        "coordinates": [
          47.9658794,
          34.5051774
        ]
      }
    },
    {
      "type": "Feature",
      "properties": {
        "name": "کوزران",
        "province": "کرمانشاه",
        "is_capital": false
      },
      "geometry": {
        "type": "Point",
        "coordinates": [
          46.599,
          34.4965
        ]
      }
    },
    {
      "type": "Feature",
      "properties": {
        "name": "گهواره",
        "province": "کرمانشاه",
        "is_capital": false
      },
      "geometry": {
        "type": "Point",
        "coordinates": [
          46.417181,
          34.344125
        ]
      }
    },
    {
      "type": "Feature",
      "properties": {
        "name": "گیلانغرب",
        "province": "کرمانشاه",
        "is_capital": false
      },
      "geometry": {
        "type": "Point",
        "coordinates": [
          45.9140759,
          34.1411088
        ]
      }
    },
    {
      "type": "Feature",
      "properties": {
        "name": "باشت",
        "province": "کهگیلویه و بویراحمد",
        "is_capital": false
      },
      "geometry": {
        "type": "Point",
        "coordinates": [
          51.1575225,
          30.3610498
        ]
      }
    },
    {
      "type": "Feature",
      "properties": {
        "name": "دهدشت",
        "province": "کهگیلویه و بویراحمد",
        "is_capital": false
      },
      "geometry": {
        "type": "Point",
        "coordinates": [
          50.5629444,
          30.7925297
        ]
      }
    },
    {
      "type": "Feature",
      "properties": {
        "name": "دوگنبدان",
        "province": "کهگیلویه و بویراحمد",
        "is_capital": false
      },
      "geometry": {
        "type": "Point",
        "coordinates": [
          50.7940113,
          30.3570209
        ]
      }
    },
    {
      "type": "Feature",
      "properties": {
        "name": "دیشموک",
        "province": "کهگیلویه و بویراحمد",
        "is_capital": false
      },
      "geometry": {
        "type": "Point",
        "coordinates": [
          50.4022724,
          31.2969774
        ]
      }
    },
    {
      "type": "Feature",
      "properties": {
        "name": "سوق",
        "province": "کهگیلویه و بویراحمد",
        "is_capital": false
      },
      "geometry": {
        "type": "Point",
        "coordinates": [
          50.4565101,
          30.8608561
        ]
      }
    },
    {
      "type": "Feature",
      "properties": {
        "name": "سی سخت",
        "province": "کهگیلویه و بویراحمد",
        "is_capital": false
      },
      "geometry": {
        "type": "Point",
        "coordinates": [
          51.4557071,
          30.8630661
        ]
      }
    },
    {
      "type": "Feature",
      "properties": {
        "name": "لنده",
        "province": "کهگیلویه و بویراحمد",
        "is_capital": false
      },
      "geometry": {
        "type": "Point",
        "coordinates": [
          50.4238799,
          30.9795975
        ]
      }
    },
    {
      "type": "Feature",
      "properties": {
        "name": "لیکک",
        "province": "کهگیلویه و بویراحمد",
        "is_capital": false
      },
      "geometry": {
        "type": "Point",
        "coordinates": [
          50.0917097,
          30.8924843
        ]
      }
    },
    {
      "type": "Feature",
      "properties": {
        "name": "محله چینی‌ها",
        "province": "کهگیلویه و بویراحمد",
        "is_capital": false
      },
      "geometry": {
        "type": "Point",
        "coordinates": [
          50.8279045,
          30.3540532
        ]
      }
    },
    {
      "type": "Feature",
      "properties": {
        "name": "پاتاوه",
        "province": "کهگیلویه و بویراحمد",
        "is_capital": false
      },
      "geometry": {
        "type": "Point",
        "coordinates": [
          51.2641496,
          30.9584492
        ]
      }
    },
    {
      "type": "Feature",
      "properties": {
        "name": "چرام",
        "province": "کهگیلویه و بویراحمد",
        "is_capital": false
      },
      "geometry": {
        "type": "Point",
        "coordinates": [
          50.7419101,
          30.750813
        ]
      }
    },
    {
      "type": "Feature",
      "properties": {
        "name": "چیتاب",
        "province": "کهگیلویه و بویراحمد",
        "is_capital": false
      },
      "geometry": {
        "type": "Point",
        "coordinates": [
          51.327525,
          30.7942097
        ]
      }
    },
    {
      "type": "Feature",
      "properties": {
        "name": "کفشکنان",
        "province": "کهگیلویه و بویراحمد",
        "is_capital": false
      },
      "geometry": {
        "type": "Point",
        "coordinates": [
          30.893955,
          50.093332
        ]
      }
    },
    {
      "type": "Feature",
      "properties": {
        "name": "گراب سفلی",
        "province": "کهگیلویه و بویراحمد",
        "is_capital": false
      },
      "geometry": {
        "type": "Point",
        "coordinates": [
          50.8983137,
          30.9426038
        ]
      }
    },
    {
      "type": "Feature",
      "properties": {
        "name": "گچساران",
        "province": "کهگیلویه و بویراحمد",
        "is_capital": false
      },
      "geometry": {
        "type": "Point",
        "coordinates": [
          50.7940113,
          30.3570209
        ]
      }
    },
    {
      "type": "Feature",
      "properties": {
        "name": "یاسوج",
        "province": "کهگیلویه و بویراحمد",
        "is_capital": true
      },
      "geometry": {
        "type": "Point",
        "coordinates": [
          51.5802638,
          30.6676663
        ]
      }
    },
    {
      "type": "Feature",
      "properties": {
        "name": "آزادشهر",
        "province": "گلستان",
        "is_capital": false
      },
      "geometry": {
        "type": "Point",
        "coordinates": [
          55.1725639,
          37.0875125
        ]
      }
    },
    {
      "type": "Feature",
      "properties": {
        "name": "آق قلا",
        "province": "گلستان",
        "is_capital": false
      },
      "geometry": {
        "type": "Point",
        "coordinates": [
          54.4576664,
          37.0134841
        ]
      }
    },
    {
      "type": "Feature",
      "properties": {
        "name": "انبار آلوم",
        "province": "گلستان",
        "is_capital": false
      },
      "geometry": {
        "type": "Point",
        "coordinates": [
          54.629817,
          37.132984
        ]
      }
    },
    {
      "type": "Feature",
      "properties": {
        "name": "اینچه‌بُرون",
        "province": "گلستان",
        "is_capital": false
      },
      "geometry": {
        "type": "Point",
        "coordinates": [
          54.721229,
          37.455004
        ]
      }
    },
    {
      "type": "Feature",
      "properties": {
        "name": "بندر ترکمن",
        "province": "گلستان",
        "is_capital": false
      },
      "geometry": {
        "type": "Point",
        "coordinates": [
          54.0697204,
          36.8929175
        ]
      }
    },
    {
      "type": "Feature",
      "properties": {
        "name": "بندر گز",
        "province": "گلستان",
        "is_capital": false
      },
      "geometry": {
        "type": "Point",
        "coordinates": [
          53.946598,
          36.774728
        ]
      }
    },
    {
      "type": "Feature",
      "properties": {
        "name": "خان‌ببین",
        "province": "گلستان",
        "is_capital": false
      },
      "geometry": {
        "type": "Point",
        "coordinates": [
          54.985773,
          37.0125489
        ]
      }
    },
    {
      "type": "Feature",
      "properties": {
        "name": "دلند",
        "province": "گلستان",
        "is_capital": false
      },
      "geometry": {
        "type": "Point",
        "coordinates": [
          55.0492231,
          37.0355462
        ]
      }
    },
    {
      "type": "Feature",
      "properties": {
        "name": "سرخنکلاته",
        "province": "گلستان",
        "is_capital": false
      },
      "geometry": {
        "type": "Point",
        "coordinates": [
          54.5690723,
          36.8924801
        ]
      }
    },
    {
      "type": "Feature",
      "properties": {
        "name": "سیمین‌شهر",
        "province": "گلستان",
        "is_capital": false
      },
      "geometry": {
        "type": "Point",
        "coordinates": [
          54.231706,
          37.011276
        ]
      }
    },
    {
      "type": "Feature",
      "properties": {
        "name": "علی‌آباد کتول",
        "province": "گلستان",
        "is_capital": false
      },
      "geometry": {
        "type": "Point",
        "coordinates": [
          54.8675871,
          36.9083415
        ]
      }
    },
    {
      "type": "Feature",
      "properties": {
        "name": "فاضل آباد",
        "province": "گلستان",
        "is_capital": false
      },
      "geometry": {
        "type": "Point",
        "coordinates": [
          54.7501997,
          36.900353
        ]
      }
    },
    {
      "type": "Feature",
      "properties": {
        "name": "مینودشت",
        "province": "گلستان",
        "is_capital": false
      },
      "geometry": {
        "type": "Point",
        "coordinates": [
          55.3747222,
          37.2288889
        ]
      }
    },
    {
      "type": "Feature",
      "properties": {
        "name": "نوکنده",
        "province": "گلستان",
        "is_capital": false
      },
      "geometry": {
        "type": "Point",
        "coordinates": [
          53.9094891,
          36.7400119
        ]
      }
    },
    {
      "type": "Feature",
      "properties": {
        "name": "نگین‌شهر",
        "province": "گلستان",
        "is_capital": false
      },
      "geometry": {
        "type": "Point",
        "coordinates": [
          55.1638889,
          37.1391667
        ]
      }
    },
    {
      "type": "Feature",
      "properties": {
        "name": "کردکوی",
        "province": "گلستان",
        "is_capital": false
      },
      "geometry": {
        "type": "Point",
        "coordinates": [
          54.124492,
          36.7627485
        ]
      }
    },
    {
      "type": "Feature",
      "properties": {
        "name": "کلاله",
        "province": "گلستان",
        "is_capital": false
      },
      "geometry": {
        "type": "Point",
        "coordinates": [
          55.491667,
          37.380833
        ]
      }
    },
    {
      "type": "Feature",
      "properties": {
        "name": "گالیکش",
        "province": "گلستان",
        "is_capital": false
      },
      "geometry": {
        "type": "Point",
        "coordinates": [
          55.4325,
          37.2719444
        ]
      }
    },
    {
      "type": "Feature",
      "properties": {
        "name": "گرگان",
        "province": "گلستان",
        "is_capital": true
      },
      "geometry": {
        "type": "Point",
        "coordinates": [
          54.736433,
          37.2063524
        ]
      }
    },
    {
      "type": "Feature",
      "properties": {
        "name": "گلستان",
        "province": "گلستان",
        "is_capital": false
      },
      "geometry": {
        "type": "Point",
        "coordinates": [
          51.181869,
          35.5181918
        ]
      }
    },
    {
      "type": "Feature",
      "properties": {
        "name": "گمیشان",
        "province": "گلستان",
        "is_capital": false
      },
      "geometry": {
        "type": "Point",
        "coordinates": [
          54.0770422,
          37.070099
        ]
      }
    },
    {
      "type": "Feature",
      "properties": {
        "name": "گنبدکاووس",
        "province": "گلستان",
        "is_capital": false
      },
      "geometry": {
        "type": "Point",
        "coordinates": [
          55.167222,
          37.25
        ]
      }
    },
    {
      "type": "Feature",
      "properties": {
        "name": "آستانه اشرفیه",
        "province": "گیلان",
        "is_capital": false
      },
      "geometry": {
        "type": "Point",
        "coordinates": [
          49.9456642,
          37.2607374
        ]
      }
    },
    {
      "type": "Feature",
      "properties": {
        "name": "احمدسرگوراب",
        "province": "گیلان",
        "is_capital": false
      },
      "geometry": {
        "type": "Point",
        "coordinates": [
          49.349906,
          37.146941
        ]
      }
    },
    {
      "type": "Feature",
      "properties": {
        "name": "اسالم",
        "province": "گیلان",
        "is_capital": false
      },
      "geometry": {
        "type": "Point",
        "coordinates": [
          48.9545271,
          37.731171
        ]
      }
    },
    {
      "type": "Feature",
      "properties": {
        "name": "اطاقور",
        "province": "گیلان",
        "is_capital": false
      },
      "geometry": {
        "type": "Point",
        "coordinates": [
          50.114512,
          37.108774
        ]
      }
    },
    {
      "type": "Feature",
      "properties": {
        "name": "املش",
        "province": "گیلان",
        "is_capital": false
      },
      "geometry": {
        "type": "Point",
        "coordinates": [
          50.1844452,
          37.0961905
        ]
      }
    },
    {
      "type": "Feature",
      "properties": {
        "name": "بازارجمعه",
        "province": "گیلان",
        "is_capital": false
      },
      "geometry": {
        "type": "Point",
        "coordinates": [
          49.383459,
          37.27792
        ]
      }
    },
    {
      "type": "Feature",
      "properties": {
        "name": "بندر آستارا",
        "province": "گیلان",
        "is_capital": false
      },
      "geometry": {
        "type": "Point",
        "coordinates": [
          48.871944,
          38.429167
        ]
      }
    },
    {
      "type": "Feature",
      "properties": {
        "name": "بندر انزلی",
        "province": "گیلان",
        "is_capital": false
      },
      "geometry": {
        "type": "Point",
        "coordinates": [
          49.4685904,
          37.4716356
        ]
      }
    },
    {
      "type": "Feature",
      "properties": {
        "name": "تالش",
        "province": "گیلان",
        "is_capital": false
      },
      "geometry": {
        "type": "Point",
        "coordinates": [
          48.904184,
          37.7974981
        ]
      }
    },
    {
      "type": "Feature",
      "properties": {
        "name": "توتکابن",
        "province": "گیلان",
        "is_capital": false
      },
      "geometry": {
        "type": "Point",
        "coordinates": [
          49.5276938,
          36.8928479
        ]
      }
    },
    {
      "type": "Feature",
      "properties": {
        "name": "جیرنده",
        "province": "گیلان",
        "is_capital": false
      },
      "geometry": {
        "type": "Point",
        "coordinates": [
          49.7957151,
          36.7021301
        ]
      }
    },
    {
      "type": "Feature",
      "properties": {
        "name": "خلیفه محله",
        "province": "گیلان",
        "is_capital": false
      },
      "geometry": {
        "type": "Point",
        "coordinates": [
          50.1987661,
          37.1366576
        ]
      }
    },
    {
      "type": "Feature",
      "properties": {
        "name": "رشت",
        "province": "گیلان",
        "is_capital": true
      },
      "geometry": {
        "type": "Point",
        "coordinates": [
          49.5846102,
          37.2793607
        ]
      }
    },
    {
      "type": "Feature",
      "properties": {
        "name": "رضوان‌شهر",
        "province": "گیلان",
        "is_capital": false
      },
      "geometry": {
        "type": "Point",
        "coordinates": [
          49.148391,
          37.564842
        ]
      }
    },
    {
      "type": "Feature",
      "properties": {
        "name": "رودبار",
        "province": "گیلان",
        "is_capital": false
      },
      "geometry": {
        "type": "Point",
        "coordinates": [
          49.4268249,
          36.8219055
        ]
      }
    },
    {
      "type": "Feature",
      "properties": {
        "name": "رودبار زیتون",
        "province": "گیلان",
        "is_capital": false
      },
      "geometry": {
        "type": "Point",
        "coordinates": [
          49.459162,
          36.813603
        ]
      }
    },
    {
      "type": "Feature",
      "properties": {
        "name": "رودبنه",
        "province": "گیلان",
        "is_capital": false
      },
      "geometry": {
        "type": "Point",
        "coordinates": [
          50.0039032,
          37.2548508
        ]
      }
    },
    {
      "type": "Feature",
      "properties": {
        "name": "رودسر",
        "province": "گیلان",
        "is_capital": false
      },
      "geometry": {
        "type": "Point",
        "coordinates": [
          50.2927862,
          37.1381592
        ]
      }
    },
    {
      "type": "Feature",
      "properties": {
        "name": "سیاهکل",
        "province": "گیلان",
        "is_capital": false
      },
      "geometry": {
        "type": "Point",
        "coordinates": [
          49.8716407,
          37.1521893
        ]
      }
    },
    {
      "type": "Feature",
      "properties": {
        "name": "شفت",
        "province": "گیلان",
        "is_capital": false
      },
      "geometry": {
        "type": "Point",
        "coordinates": [
          49.4027782,
          37.1703562
        ]
      }
    },
    {
      "type": "Feature",
      "properties": {
        "name": "شلمان",
        "province": "گیلان",
        "is_capital": false
      },
      "geometry": {
        "type": "Point",
        "coordinates": [
          50.2161864,
          37.1559178
        ]
      }
    },
    {
      "type": "Feature",
      "properties": {
        "name": "صومعه سرا",
        "province": "گیلان",
        "is_capital": false
      },
      "geometry": {
        "type": "Point",
        "coordinates": [
          49.3147378,
          37.301672
        ]
      }
    },
    {
      "type": "Feature",
      "properties": {
        "name": "فومن",
        "province": "گیلان",
        "is_capital": false
      },
      "geometry": {
        "type": "Point",
        "coordinates": [
          49.3141954,
          37.2273234
        ]
      }
    },
    {
      "type": "Feature",
      "properties": {
        "name": "لاهیجان",
        "province": "گیلان",
        "is_capital": false
      },
      "geometry": {
        "type": "Point",
        "coordinates": [
          49.7837299,
          37.2533595
        ]
      }
    },
    {
      "type": "Feature",
      "properties": {
        "name": "لشت نشا",
        "province": "گیلان",
        "is_capital": false
      },
      "geometry": {
        "type": "Point",
        "coordinates": [
          49.861311,
          37.359334
        ]
      }
    },
    {
      "type": "Feature",
      "properties": {
        "name": "لنگرود",
        "province": "گیلان",
        "is_capital": false
      },
      "geometry": {
        "type": "Point",
        "coordinates": [
          50.153611,
          37.196944
        ]
      }
    },
    {
      "type": "Feature",
      "properties": {
        "name": "لوشان",
        "province": "گیلان",
        "is_capital": false
      },
      "geometry": {
        "type": "Point",
        "coordinates": [
          49.5162305,
          36.6279334
        ]
      }
    },
    {
      "type": "Feature",
      "properties": {
        "name": "لوندویل",
        "province": "گیلان",
        "is_capital": false
      },
      "geometry": {
        "type": "Point",
        "coordinates": [
          48.8675037,
          38.3082625
        ]
      }
    },
    {
      "type": "Feature",
      "properties": {
        "name": "لیسار",
        "province": "گیلان",
        "is_capital": false
      },
      "geometry": {
        "type": "Point",
        "coordinates": [
          48.9086032,
          37.959133
        ]
      }
    },
    {
      "type": "Feature",
      "properties": {
        "name": "مارلیک",
        "province": "گیلان",
        "is_capital": false
      },
      "geometry": {
        "type": "Point",
        "coordinates": [
          49.459033,
          36.830533
        ]
      }
    },
    {
      "type": "Feature",
      "properties": {
        "name": "ماسال",
        "province": "گیلان",
        "is_capital": false
      },
      "geometry": {
        "type": "Point",
        "coordinates": [
          49.1328792,
          37.3640801
        ]
      }
    },
    {
      "type": "Feature",
      "properties": {
        "name": "مرجغل",
        "province": "گیلان",
        "is_capital": false
      },
      "geometry": {
        "type": "Point",
        "coordinates": [
          49.37639,
          37.2761076
        ]
      }
    },
    {
      "type": "Feature",
      "properties": {
        "name": "منجیل",
        "province": "گیلان",
        "is_capital": false
      },
      "geometry": {
        "type": "Point",
        "coordinates": [
          49.4000305,
          36.7448499
        ]
      }
    },
    {
      "type": "Feature",
      "properties": {
        "name": "هشتپر",
        "province": "گیلان",
        "is_capital": false
      },
      "geometry": {
        "type": "Point",
        "coordinates": [
          48.904184,
          37.7974981
        ]
      }
    },
    {
      "type": "Feature",
      "properties": {
        "name": "واجارگاه",
        "province": "گیلان",
        "is_capital": false
      },
      "geometry": {
        "type": "Point",
        "coordinates": [
          50.4058965,
          37.03829
        ]
      }
    },
    {
      "type": "Feature",
      "properties": {
        "name": "پونل",
        "province": "گیلان",
        "is_capital": false
      },
      "geometry": {
        "type": "Point",
        "coordinates": [
          49.1124606,
          37.5277118
        ]
      }
    },
    {
      "type": "Feature",
      "properties": {
        "name": "چابکسر",
        "province": "گیلان",
        "is_capital": false
      },
      "geometry": {
        "type": "Point",
        "coordinates": [
          50.57079,
          36.9743391
        ]
      }
    },
    {
      "type": "Feature",
      "properties": {
        "name": "چوبر",
        "province": "گیلان",
        "is_capital": false
      },
      "geometry": {
        "type": "Point",
        "coordinates": [
          49.4140997,
          37.0926728
        ]
      }
    },
    {
      "type": "Feature",
      "properties": {
        "name": "کوچصفهان",
        "province": "گیلان",
        "is_capital": false
      },
      "geometry": {
        "type": "Point",
        "coordinates": [
          49.7721208,
          37.2787049
        ]
      }
    },
    {
      "type": "Feature",
      "properties": {
        "name": "ابرکوه",
        "province": "یزد",
        "is_capital": false
      },
      "geometry": {
        "type": "Point",
        "coordinates": [
          53.2803103,
          31.1324814
        ]
      }
    },
    {
      "type": "Feature",
      "properties": {
        "name": "اردکان(یزد)",
        "province": "یزد",
        "is_capital": false
      },
      "geometry": {
        "type": "Point",
        "coordinates": [
          54.009004,
          32.308241
        ]
      }
    },
    {
      "type": "Feature",
      "properties": {
        "name": "اشکذر",
        "province": "یزد",
        "is_capital": false
      },
      "geometry": {
        "type": "Point",
        "coordinates": [
          54.2071804,
          32.000526
        ]
      }
    },
    {
      "type": "Feature",
      "properties": {
        "name": "بافق",
        "province": "یزد",
        "is_capital": false
      },
      "geometry": {
        "type": "Point",
        "coordinates": [
          55.3966892,
          31.5997065
        ]
      }
    },
    {
      "type": "Feature",
      "properties": {
        "name": "بهاباد",
        "province": "یزد",
        "is_capital": false
      },
      "geometry": {
        "type": "Point",
        "coordinates": [
          56.0191037,
          31.876794
        ]
      }
    },
    {
      "type": "Feature",
      "properties": {
        "name": "تفت",
        "province": "یزد",
        "is_capital": false
      },
      "geometry": {
        "type": "Point",
        "coordinates": [
          54.217422,
          31.752049
        ]
      }
    },
    {
      "type": "Feature",
      "properties": {
        "name": "فردوس",
        "province": "یزد",
        "is_capital": false
      },
      "geometry": {
        "type": "Point",
        "coordinates": [
          55.9815756,
          31.7432934
        ]
      }
    },
    {
      "type": "Feature",
      "properties": {
        "name": "مروست",
        "province": "یزد",
        "is_capital": false
      },
      "geometry": {
        "type": "Point",
        "coordinates": [
          54.2126137,
          30.4774172
        ]
      }
    },
    {
      "type": "Feature",
      "properties": {
        "name": "مهردشت",
        "province": "یزد",
        "is_capital": false
      },
      "geometry": {
        "type": "Point",
        "coordinates": [
          53.3552819,
          31.0223563
        ]
      }
    },
    {
      "type": "Feature",
      "properties": {
        "name": "مهریز",
        "province": "یزد",
        "is_capital": false
      },
      "geometry": {
        "type": "Point",
        "coordinates": [
          54.4445661,
          31.5841945
        ]
      }
    },
    {
      "type": "Feature",
      "properties": {
        "name": "میبد",
        "province": "یزد",
        "is_capital": false
      },
      "geometry": {
        "type": "Point",
        "coordinates": [
          54.0159205,
          32.2510825
        ]
      }
    },
    {
      "type": "Feature",
      "properties": {
        "name": "ندوشن",
        "province": "یزد",
        "is_capital": false
      },
      "geometry": {
        "type": "Point",
        "coordinates": [
          53.5494049,
          32.0281951
        ]
      }
    },
    {
      "type": "Feature",
      "properties": {
        "name": "نی ریز",
        "province": "یزد",
        "is_capital": false
      },
      "geometry": {
        "type": "Point",
        "coordinates": [
          54.313446,
          29.189811
        ]
      }
    },
    {
      "type": "Feature",
      "properties": {
        "name": "هرات",
        "province": "یزد",
        "is_capital": false
      },
      "geometry": {
        "type": "Point",
        "coordinates": [
          54.374208,
          30.049825
        ]
      }
    },
    {
      "type": "Feature",
      "properties": {
        "name": "یزد",
        "province": "یزد",
        "is_capital": true
      },
      "geometry": {
        "type": "Point",
        "coordinates": [
          54.3641264,
          31.8886686
        ]
      }
    }
  ]
}